,검색어,naver_map_url
0,황해수산물양념집,https://pcmap.place.naver.com/restaurant/1848626985/review/visitor#
1,소라식당,
2,남원추어탕,
3,아하식당,
4,형제식당,
5,병천진순대,
6,미소김밥,
7,충청도식당,
8,여수오동도,
9,중앙식당,
10,홍교동짬뽕,https://pcmap.place.naver.com/restaurant/1028148742/review/visitor#
11,진짜루,
12,미성각,
13,블랙데이,
14,중화반점,
15,부암갈비,
16,삼화정,
17,망향숯불갈비,https://pcmap.place.naver.com/restaurant/16475184/review/visitor#
18,우성치킨,
19,수림공원,
20,토인,
21,멕시카나치킨구월로데오점,
22,시카고라이브,
23,오부장치킨,
24,맹순네실내포차,
25,한국식당(간석점),
26,막뽑은국수바로빚은손만두,https://pcmap.place.naver.com/restaurant/1347037708/review/visitor#
27,갑돌이와갑순이,
28,홍초불닭발(인천점),
29,충남식당,
30,서울식당,
31,밤새먹소간석점,
32,월화수목금토일,
33,엄마밥상,
34,청기와감자탕돌솥순대국,https://pcmap.place.naver.com/restaurant/37276215/review/visitor#
35,바지락생칼국수,
36,맛사랑,
37,궁기,
38,운수대통생삼겹전문,https://pcmap.place.naver.com/restaurant/1218070730/review/visitor#
39,부산복아구집,
40,술사모,
41,맛있는장인보쌈,
42,돈화구이,
43,라이,
44,서도참치,https://pcmap.place.naver.com/restaurant/1035784989/review/visitor#
45,밥마니술마니,https://pcmap.place.naver.com/restaurant/1153839821/review/visitor#
46,옥천관,
47,명동보리밥본점,https://pcmap.place.naver.com/restaurant/19862214/review/visitor#
48,우정식당,
49,페리카나,
50,비원,
51,청기와가마솥,https://pcmap.place.naver.com/restaurant/1546043618/review/visitor#
52,영진식당,
53,박물관산채마을,https://pcmap.place.naver.com/restaurant/21022507/review/visitor#
54,서울반점,
55,호남식당,
56,토인진미,https://pcmap.place.naver.com/restaurant/16837214/review/visitor#
57,풍년,
58,주촌,
59,토인,
60,경이로운갈비,https://pcmap.place.naver.com/restaurant/119411268/review/visitor#
61,복생원,
62,페리카나,
63,벽산식당,
64,풍산오리왕갈비,https://pcmap.place.naver.com/restaurant/1635990146/review/visitor#
65,만석꾼,
66,통큰소곱창,
67,꼴탱이,https://pcmap.place.naver.com/restaurant/19506371/review/visitor#
68,목화반점,
69,미추홀중국요리,
70,김수지홍어맛집,
71,민속식당,
72,남해아구찜,
73,콩심,
74,자매아구해물찜,
75,자유시간,
76,주막거리,
77,병천찹쌀순대,
78,종가집설렁탕,
79,거목집,
80,일미양꼬치,
81,병천토속순대,
82,오아시스,
83,사랑의집,
84,감자탕형제들,
85,홍두깨 칼국수,
86,크리스탈볼륨,
87,구월오리,
88,감동닭발,
89,용궁정,
90,미추홀,
91,대관령식당,
92,인천집,
93,대구반야월막창,
94,카페오르다,
95,통큰소곱창,
96,짜앤스,https://pcmap.place.naver.com/restaurant/16468896/review/visitor#
97,모나리자,
98,진화로,
99,스타싸인,
100,금호분식,
101,해구신2,
102,시골밥상천가네,https://pcmap.place.naver.com/restaurant/1465312755/review/visitor#
103,성진아구찜,
104,옛날막걸리,
105,대관령추어탕,
106,장터돈까스,
107,힘찬풍천장어,
108,후랭크치킨,
109,길손식당,
110,자매닭발,
111,송원식당,
112,다우촌,
113,미소식당,
114,사조참치,
115,연경루,
116,함춘원,
117,황금장,
118,풍미원,
119,황제갈비살,
120,명동빈대떡,
121,페리카나치킨,
122,투버블호프,
123,명동정육식당,
124,부드럽소인천구월점,
125,진주만두,
126,장수원,
127,인디스,
128,후랭크치킨,
129,대동장황궁쟁반짜장,
130,소문난식당,
131,고향식당,
132,용운각,
133,명동만두,
134,행복한밥상,
135,고향식당,
136,황해도손칼국수,
137,블랙콩인천구월점,
138,투게더,
139,청기와집,
140,미담생고기,
141,엉터리 주막,
142,목화식당,
143,석뫼골소금구이,https://pcmap.place.naver.com/restaurant/33344861/review/visitor#
144,호남식당,
145,오아라쭈꾸미,https://pcmap.place.naver.com/restaurant/34177545/review/visitor#
146,BHC(구월모래내시장점),https://pcmap.place.naver.com/restaurant/36949150/review/visitor#
147,통큰장터,https://pcmap.place.naver.com/restaurant/1960285352/review/visitor#
148,진미식당,
149,할머니추어탕,
150,비노치킨,https://pcmap.place.naver.com/restaurant/1504995987/review/visitor#
151,단골식당,
152,계경순대국,
153,우렁각시,
154,명품숯불민물장어,
155,소문난해물&아구전문,
156,양지주먹고기,https://pcmap.place.naver.com/restaurant/38373381/review/visitor#
157,봉구비어 인천예술회관점,
158,소래밴댕이,
159,연안식당,
160,화미원,https://pcmap.place.naver.com/restaurant/977326234/review/visitor#
161,뻘바다막회,https://pcmap.place.naver.com/restaurant/1213000288/review/visitor#
162,동해횟집,
163,케이프타운,
164,돈'S,
165,금산식당,
166,전주콩나물해장국,
167,광주함평호남회집,https://pcmap.place.naver.com/restaurant/73444855/review/visitor#
168,향원식당,
169,사랑손칼국수,
170,우리해물탕,
171,이조보쌈,
172,"호남,목포,무안,구월회집",
173,임청하반점,https://pcmap.place.naver.com/restaurant/1663380732/review/visitor#
174,태화식당,
175,인연,
176,양촌설렁탕,
177,유키돈까스,
178,황금풍천장어,
179,청솔갈비,
180,육담원,https://pcmap.place.naver.com/restaurant/1208859788/review/visitor#
181,한결통아구찜,
182,황금갈비탕,
183,크라운호프하이웨이점,
184,김밥천국,
185,전가복,
186,월수금통돼지,
187,장금수부대찌개인천시청점,https://pcmap.place.naver.com/restaurant/1201574460/review/visitor#
188,처음처럼,
189,승봉도,
190,인터뷰,
191,별빛포차,
192,라델리,
193,우일각식당,
194,쉬리,
195,공장식당,
196,문화식당,
197,탈렌트,
198,장미막창,
199,중화포차,
200,역전할머니맥주(인천예술회관점),https://pcmap.place.naver.com/restaurant/1514871985/review/visitor#
201,연안부두,
202,남원돌솥밥추어탕,
203,참치다미시,
204,야식김밥,
205,명가메밀촌,
206,토닭토닭,
207,삼덕한식뷔페,
208,태원각,
209,친구야,
210,쭈꾸미꾸미,
211,페리카나치킨,
212,비어킹,
213,닭촌마을,
214,해오름 삼겹살,
215,행복의밥상,
216,다래향염소마을(간석점),https://pcmap.place.naver.com/restaurant/1302896243/review/visitor#
217,먹돌래산오징어세꼬시,
218,신뽕,
219,맛쫀,https://pcmap.place.naver.com/restaurant/1781787887/review/visitor#
220,옹기삼겹살,
221,마약양꼬치,
222,황해모밀냉면,
223,자매식당,
224,황포나루까페주점,
225,호남고래횟집,https://pcmap.place.naver.com/restaurant/20393415/review/visitor#
226,충남회센타,
227,임자도회집,
228,남해횟집,
229,카페투게더,
230,"우럭2마리20,000원",
231,은행나무집,
232,청기와,
233,주안제일곱창,
234,유달산,
235,포청천부,https://pcmap.place.naver.com/restaurant/11635685/review/visitor#
236,모아,
237,별밤달밤,
238,주원일식,
239,나두락,
240,탄수화물중독&스시중독,
241,어사출도,
242,성우식당,
243,충청도실내포장,
244,백령도가리비,https://pcmap.place.naver.com/restaurant/16484814/review/visitor#
245,스카이,
246,명품손짜장,
247,비에이치씨(BHC)구월로데오점,https://pcmap.place.naver.com/restaurant/1185642828/review/visitor#
248,페리카나치킨,
249,썬앤문,
250,일품감자탕,
251,남포막국수,
252,아이스,
253,오늘도,
254,해피하우스,
255,사곶냉면,
256,이모네순대국,
257,우돈먹는날,https://pcmap.place.naver.com/restaurant/312524626/review/visitor#
258,만수순대,
259,곱돌한우소곱창집,https://pcmap.place.naver.com/restaurant/1887258491/review/visitor#
260,족발풍년,
261,봉구비어,
262,고흥식당,
263,투다리간석사거리점,
264,금잔디,
265,토담구이구이,
266,허브당,https://pcmap.place.naver.com/restaurant/84417779/review/visitor#
267,자이언트,
268,성진면옥,https://pcmap.place.naver.com/restaurant/38323163/review/visitor#
269,포항집,
270,호우양꼬치,
271,명가양선지해장국,https://pcmap.place.naver.com/restaurant/1053911818/review/visitor#
272,부성종가대박집,
273,탕가네,
274,호치킨관교점,
275,간다르바,https://pcmap.place.naver.com/restaurant/1204069257/review/visitor#
276,아바치킨천국,
277,공감,
278,송가네숯불갈비,
279,바보네오쭈낙,https://pcmap.place.naver.com/restaurant/30836419/review/visitor#
280,페리카나치킨,
281,해피타임&공씨네,
282,원주추옥,
283,장성민물요리전문점,
284,연안전라도고흥횟집,https://pcmap.place.naver.com/restaurant/1224225895/review/visitor#
285,짱구네,
286,오가백숙,
287,버드나무집,
288,장수가든,
289,우성농원,
290,모래내닭강정,
291,서래식당,
292,대성순대,
293,해원왕족발,https://pcmap.place.naver.com/restaurant/1561959640/review/visitor#
294,병천진순대,
295,다오숯불닭바베큐치킨,
296,대복곱창철판볶음,
297,둘둘치킨만수점,https://pcmap.place.naver.com/restaurant/12906075/review/visitor#
298,행복한밥상,
299,풍천장어 숯불구이,
300,오장동함흥관,https://pcmap.place.naver.com/restaurant/34036638/review/visitor#
301,용기포회집,https://pcmap.place.naver.com/restaurant/16499933/review/visitor#
302,차가네쌈밥,https://pcmap.place.naver.com/restaurant/1317235341/review/visitor#
303,청춘짬뽕,
304,비에이치씨만수역점,
305,삼겨비,
306,한우와돼지나라,https://pcmap.place.naver.com/restaurant/1376030767/review/visitor#
307,아름다운세상,
308,고가네본가족발보쌈,
309,중국성,
310,88켄터키치킨,
311,철따라어시장,
312,평창칡냉면,
313,알렉산더치킨,
314,늘봄,
315,장수손만두,
316,민속주점,
317,부담없는회집,
318,비켜식당,https://pcmap.place.naver.com/restaurant/16488680/review/visitor#
319,스몰비어,
320,미선순대,https://pcmap.place.naver.com/restaurant/1419810933/review/visitor#
321,명희네순대국,https://pcmap.place.naver.com/restaurant/1026898400/review/visitor#
322,더왕막걸리퓨전포차,https://pcmap.place.naver.com/restaurant/36877561/review/visitor#
323,치킨매니아,
324,장터포차,
325,금성주점,
326,이모네생선구이,
327,정정아식당,
328,돈먹고가네,https://pcmap.place.naver.com/restaurant/1289372350/review/visitor#
329,시민포차,
330,원조춘천숯불닭갈비,
331,사거리룸포차,
332,굿데이,
333,사계절포차,
334,광명숯불갈비,
335,호호탕탕돈가스,
336,싸리골,
337,전통돼지국밥밀면,
338,골목길생고기,
339,전주보쌈,
340,시골벤뎅이회무침구이전문점,https://pcmap.place.naver.com/restaurant/13187686/review/visitor#
341,포유(foryou)닭갈비,
342,최가네포장마차,https://pcmap.place.naver.com/restaurant/16481914/review/visitor#
343,뿔발,
344,노가리상회,
345,청춘부추소곱창&소곱창전골,
346,더맛있는국수,
347,다다원,
348,도림반점,https://pcmap.place.naver.com/restaurant/16410994/review/visitor#
349,풍천민물장어,
350,웅이네오돌뼈,
351,우진삼계탕.부대찌개,https://pcmap.place.naver.com/restaurant/16422563/review/visitor#
352,공단떡볶이,
353,참새네방앗간,
354,호남고흥목포회집,https://pcmap.place.naver.com/restaurant/1051643450/review/visitor#
355,제일분식,
356,솔나무집,
357,젊은미소,
358,피여라식당,
359,차이홍,
360,아지트,
361,석빈가든,https://pcmap.place.naver.com/restaurant/16498872/review/visitor#
362,펀비어킹,
363,동해원,
364,대성왕족발,
365,병천참순대,
366,평양찹쌀순대,
367,와주먹고기,
368,신의주찹쌀순대만수점,
369,김밥천국,
370,주원한정식,https://pcmap.place.naver.com/restaurant/21485008/review/visitor#
371,천년의 향기,
372,참치마참치 간석점,
373,토고리옛날막창갈매기살,
374,삼오식당,
375,은하수,
376,비비큐치킨 구월점,
377,강고집바지락칼국수,
378,구구커피숍,
379,신신분식,
380,깡촌,
381,페리카나치킨,
382,우미가든,
383,교촌만수2호점,https://pcmap.place.naver.com/restaurant/1835374754/review/visitor#
384,부자물텀벙,https://pcmap.place.naver.com/restaurant/16489416/review/visitor#
385,김밥프렌드,
386,향촌오리집,
387,디벨로,
388,맛자랑분식,
389,파스타201,
390,동네분식,
391,거시기얼큰매콤갈비찜,https://pcmap.place.naver.com/restaurant/38377527/review/visitor#
392,본죽간석사거리점,https://pcmap.place.naver.com/restaurant/13002963/review/visitor#
393,스마일식당,
394,꼬띠움웨딩컨벤션,https://pcmap.place.naver.com/restaurant/37018402/review/visitor#
395,피자캣,
396,로마,
397,민물공원,
398,장흥삼합,
399,도담포차,
400,심술,
401,영동돈까스,
402,쁘띠아르,
403,도가니소머리국밥,
404,골목포차,
405,밀림,
406,꼬레랑,
407,기찬정육식당,
408,신의주얼큰찹쌀순대국,
409,유림농장,
410,가미초밥,
411,대복삼겹살,
412,옹기꽃게장,
413,북경반점,
414,소문난아구찜·탕,
415,원조바지락칼국수,
416,의정부부대찌개,
417,동해동태탕·찜 동태내장탕,
418,앗또호프,https://pcmap.place.naver.com/restaurant/1140596516/review/visitor#
419,가향,
420,대구막창,
421,대포왕,
422,부원농원,
423,감나무집농원,
424,장수마을,
425,짜우탕,
426,마음으로가는고향,https://pcmap.place.naver.com/restaurant/16410144/review/visitor#
427,초원정식당,
428,보보치킨바베큐,
429,집밥고선생,
430,우리네가마솥추어탕코다리조림,https://pcmap.place.naver.com/restaurant/1637558931/review/visitor#
431,의정부큰손부대찌개,
432,축산이야기,
433,자연설악추어탕,https://pcmap.place.naver.com/restaurant/16841560/review/visitor#
434,호식이두마리치킨,
435,구월현식당,https://pcmap.place.naver.com/restaurant/1162002008/review/visitor#
436,미미네닭곰탕,https://pcmap.place.naver.com/restaurant/38383308/review/visitor#
437,홍익돈까스인천미추홀점,https://pcmap.place.naver.com/restaurant/34241545/review/visitor#
438,38전주콩나물국밥,
439,할배콩나물해장국,https://pcmap.place.naver.com/restaurant/36004458/review/visitor#
440,새마을부대찌개,
441,만사형통산오징어,
442,돼지랑찌개랑,
443,펀비어킹만수역점,
444,본가오리지널충무김밥,https://pcmap.place.naver.com/restaurant/1153132381/review/visitor#
445,남원추어탕,
446,신포동진순대국,https://pcmap.place.naver.com/restaurant/16484616/review/visitor#
447,이꼼닭숯불꼼장어닭발,https://pcmap.place.naver.com/restaurant/37081753/review/visitor#
448,간석아구전문점,
449,청솔갈비집,https://pcmap.place.naver.com/restaurant/1944819789/review/visitor#
450,쎄미치킨,
451,최가갈비,
452,동양식당,
453,한마당뼈해장국,https://pcmap.place.naver.com/restaurant/16841186/review/visitor#
454,돈나리,https://pcmap.place.naver.com/restaurant/1756818382/review/visitor#
455,통다리치킨,
456,돈스매운갈비찜,https://pcmap.place.naver.com/restaurant/1302601873/review/visitor#
457,"황제왕족발, 보쌈",
458,형제식당,
459,청기와뼈해장국,
460,용궁,
461,땡촌닭발,
462,밥사랑면사랑,
463,전주밥상,
464,우리동네홍두깨손칼국수,https://pcmap.place.naver.com/restaurant/1164471115/review/visitor#
465,과일에반하다프루타간석점,https://pcmap.place.naver.com/restaurant/1202777125/review/visitor#
466,미미성,https://pcmap.place.naver.com/restaurant/1261604244/review/visitor#
467,명문갈비,
468,크라운호프,
469,히든,
470,삼일정,
471,킹앤랍스,https://pcmap.place.naver.com/restaurant/16817996/review/visitor#
472,911포차,
473,큰나루터밴댕이,https://pcmap.place.naver.com/restaurant/20344606/review/visitor#
474,저별빛,
475,은혜한식분식,
476,서해빨 산낙지.쭈꾸미,https://pcmap.place.naver.com/restaurant/12020816/review/visitor#
477,투다리,
478,무한장터,
479,동네포차,
480,김밥천국,
481,장수고기나라,https://pcmap.place.naver.com/restaurant/1107927238/review/visitor#
482,팔선,
483,마싯족,https://pcmap.place.naver.com/restaurant/333197017/review/visitor#
484,다크본진,https://pcmap.place.naver.com/restaurant/1367174630/review/visitor#
485,구월갈비,
486,브라이트스타 인천남동,
487,하여울식당,
488,오성삼계탕,
489,관교동아구찜아구탕,https://pcmap.place.naver.com/restaurant/33284351/review/visitor#
490,맥시칸치킨,
491,흥부가감자탕뼈찜,https://pcmap.place.naver.com/restaurant/20022067/review/visitor#
492,뉴욕버거,
493,동해어장,
494,피제이피자남동구점,
495,도도해,
496,스카이,
497,백령도수산,
498,자매식당,
499,초원에서,https://pcmap.place.naver.com/restaurant/10967689/review/visitor#
500,고향집,
501,천하대장군농원,
502,허브나무,
503,서석네숯불갈비,https://pcmap.place.naver.com/restaurant/16826948/review/visitor#
504,평강삼계탕,
505,짱구만두,
506,대원곱창,
507,할배가마솥식당,https://pcmap.place.naver.com/restaurant/81893507/review/visitor#
508,중화루,
509,강화나룻터밴댕이회,https://pcmap.place.naver.com/restaurant/16603722/review/visitor#
510,고창풍천장어,
511,담방다찌,https://pcmap.place.naver.com/restaurant/1403297971/review/visitor#
512,여주식당,
513,인하루,
514,쭝식,
515,한신포차인천만수역점,
516,영심이분식,
517,감동진아구찜,
518,부어치킨(구월1동점),https://pcmap.place.naver.com/restaurant/31896726/review/visitor#
519,호남옛날밥상,https://pcmap.place.naver.com/restaurant/38374179/review/visitor#
520,계동치킨,
521,분식일번지,
522,뚱이네포차,
523,그때그집,
524,해조톳오리,
525,골목길안주6000냥,
526,희망죽집,https://pcmap.place.naver.com/restaurant/1230619154/review/visitor#
527,옛정,
528,굴이랑쭈꾸미,
529,남원추어탕,
530,시흥동태탕.명태조림,
531,세상막걸리,
532,석이초밥,
533,착한낙지,
534,롯데리아 홈플러스구월점,
535,청춘(ㅊㅊ)술집,
536,빽가네,
537,큰돈까스,
538,전주비빔밥,
539,인터뷰,
540,밍차이나,
541,금빛,
542,왕십리곱창,
543,양푼김치찌개,
544,영빈관,
545,뉴영빈관,
546,낭만안선생,https://pcmap.place.naver.com/restaurant/37592547/review/visitor#
547,가요무대,
548,고산생고기,
549,생생풍천민물장어,
550,장모족발,
551,목화식당,
552,인생치킨,
553,컬러링,
554,가평순두부,
555,찌우네밥상,https://pcmap.place.naver.com/restaurant/1687182172/review/visitor#
556,원미촌,https://pcmap.place.naver.com/restaurant/1788074636/review/visitor#
557,마포갈매기 간석점,
558,동해코다리냉면동태탕,
559,대대박감자탕,https://pcmap.place.naver.com/restaurant/1132234991/review/visitor#
560,두가지떡볶이간석점,
561,쌍항아리,
562,몽이네포장마차,https://pcmap.place.naver.com/restaurant/20902574/review/visitor#
563,우리분식,
564,야생마,
565,신(辛)명태조림,
566,커피빌리지,
567,철이와미애7080,https://pcmap.place.naver.com/restaurant/1153838856/review/visitor#
568,유엔아이(You&I),
569,하이(Hi)브라더,
570,마이웨이,
571,인생역전집,
572,나주식당,
573,순이네다락방,https://pcmap.place.naver.com/restaurant/754181183/review/visitor#
574,삼화리,
575,육봉달333,
576,장금수부대찌개,
577,비,
578,림스치킨(예술회관점),https://pcmap.place.naver.com/restaurant/1172894863/review/visitor#
579,맛젤라,https://pcmap.place.naver.com/restaurant/38364928/review/visitor#
580,이삭생선구이조림,https://pcmap.place.naver.com/restaurant/16824400/review/visitor#
581,철뚝집(인천점),https://pcmap.place.naver.com/restaurant/1483499909/review/visitor#
582,통닭원5900남촌점,
583,장숯불바베큐,
584,쉼터포차,
585,여우야,
586,관포삼겹살,
587,우리식당,
588,중화요리회용,
589,남원추어탕,
590,정성식당,
591,호수꼬치(만수복개천점),
592,마당식당,
593,뻘낙지,
594,꽃피는산골,
595,멕시카나치킨(논현점),https://pcmap.place.naver.com/restaurant/11801296/review/visitor#
596,최가네추어탕,
597,가나안덕인천대공원점&방가루추어탕,
598,33떡볶이 만수점,
599,대복,
600,만수족발,
601,목포홍탁,
602,부자순대국,
603,삽교소곱창,https://pcmap.place.naver.com/restaurant/16467775/review/visitor#
604,꾸이꾸이,
605,육꼼장어,
606,도시곱창,
607,신안홍탁집,
608,엄지척,
609,손군부대찌개,
610,원조기계우동,
611,내고향만두,
612,하노이돈까스,
613,박점례순대국밥,https://pcmap.place.naver.com/restaurant/16842175/review/visitor#
614,코리안바베큐,
615,두레박,
616,백령도중화동우성냉면,
617,통달배인천논현점,https://pcmap.place.naver.com/restaurant/1583461419/review/visitor#
618,순희야채치킨,https://pcmap.place.naver.com/restaurant/38372060/review/visitor#
619,팔선,
620,용우동,
621,바람숨터,https://pcmap.place.naver.com/restaurant/1423905499/review/visitor#
622,조계집,https://pcmap.place.naver.com/restaurant/1176495540/review/visitor#
623,매일한캔,https://pcmap.place.naver.com/restaurant/1639272683/review/visitor#
624,취홍,
625,김가네부대찌개,
626,별미식당,
627,크리스마스김밥,https://pcmap.place.naver.com/restaurant/1790940680/review/visitor#
628,만리성,
629,황해모밀냉면,
630,만선,
631,엄마식당,
632,이대조뼈다귀,
633,남산골,
634,짜장일번지,
635,전주콩나루콩나물국밥인천시청직영점,
636,칠구(79)포차,
637,다람쥐마을,
638,신촌부침이,
639,보쌈한판,
640,초심,
641,폭스,
642,비어스토리(beerstory),
643,산마을,
644,가장맛있는족발 만수점,https://pcmap.place.naver.com/restaurant/1165874502/review/visitor#
645,피자헛만수역점,https://pcmap.place.naver.com/restaurant/11784778/review/visitor#
646,정동진순대국,https://pcmap.place.naver.com/restaurant/16841701/review/visitor#
647,행복한 밥상,
648,자금성,
649,삼미정,
650,흥부전놀부전,
651,진타코야끼,
652,감성포차,
653,북촌국밥,
654,박달재영양탕,
655,구백냥곱창만수점,https://pcmap.place.naver.com/restaurant/1356742404/review/visitor#
656,강원정육,
657,붐비어,
658,태화각,
659,육해공생칼국수,
660,이가네찹쌀순대,
661,러브송,
662,인생대패삼겹,
663,신천양꼬치훠궈,https://pcmap.place.naver.com/restaurant/1819173716/review/visitor#
664,쌈밥촌,
665,우리동네고깃집,
666,바다향,
667,일품닭강정,
668,소담애,
669,희망식당,
670,처갓집양념치킨 구월점,https://pcmap.place.naver.com/restaurant/11825472/review/visitor#
671,사계절샤브샤브뷔페,https://pcmap.place.naver.com/restaurant/1234636861/review/visitor#
672,올리브브래드,https://pcmap.place.naver.com/restaurant/1368223793/review/visitor#
673,정김밥,
674,레드차이나,
675,옛날토종집,
676,오야오야퓨전선술집,
677,아구199간석오거리점,https://pcmap.place.naver.com/restaurant/1931028715/review/visitor#
678,정겨운퓨전포차,
679,카스톡스,
680,서울설렁탕,
681,무한조개따조,
682,풍가미가,https://pcmap.place.naver.com/restaurant/16487898/review/visitor#
683,숯불드럼통구이,
684,동인천삼치골,
685,불닭발의신구월점,
686,불타는여고24시떡볶이,
687,송돗골,
688,또봉이통닭 만수2동점,
689,남경,
690,무옥,https://pcmap.place.naver.com/restaurant/1381648078/review/visitor#
691,불타는명태조림,
692,소망각,https://pcmap.place.naver.com/restaurant/16464528/review/visitor#
693,황금게장,
694,스뎅식당,
695,이채은의오리보감,https://pcmap.place.naver.com/restaurant/38269632/review/visitor#
696,청기와횟집,
697,하이트클래스,
698,마산아구찜.꽃게탕,
699,연돌집,https://pcmap.place.naver.com/restaurant/33152259/review/visitor#
700,바다어시장,
701,대부뼈해장국,
702,류,
703,커피향기,
704,골든팝,
705,오자매식당,
706,코코팜,
707,자담치킨호프,
708,청춘라이브,
709,김가네해장국,
710,형제통큰맛순대,
711,돈죠간석역점,
712,오거리삼계탕,
713,뽁끼오,
714,나들목,
715,기운찬집밥,https://pcmap.place.naver.com/restaurant/1728633510/review/visitor#
716,샤브작,
717,명품맛집,
718,신통치킨(만수점),
719,멕시카나햇빛벽산점,https://pcmap.place.naver.com/restaurant/36504487/review/visitor#
720,지수네황소곱창구이,https://pcmap.place.naver.com/restaurant/1257425649/review/visitor#
721,세븐나잇,
722,치킨맥주,
723,메밀향,
724,마네키네코,
725,황제갈비살(만수점),
726,시크릿,
727,고구려닭한마리,
728,플라이트,
729,돌담,
730,포롱(PORRONG),https://pcmap.place.naver.com/restaurant/1326885761/review/visitor#
731,페리카나,
732,마당,
733,이가네숯불바베큐,https://pcmap.place.naver.com/restaurant/16415799/review/visitor#
734,참마당,
735,휘게,
736,회뜨는수산,
737,오영계농장,https://pcmap.place.naver.com/restaurant/19923597/review/visitor#
738,처가집추어탕,https://pcmap.place.naver.com/restaurant/11727921/review/visitor#
739,만수루치킨,https://pcmap.place.naver.com/restaurant/1224465713/review/visitor#
740,코리안숯불닭바베큐,
741,용팔이양꼬치,
742,배터지는꽃게,https://pcmap.place.naver.com/restaurant/32407635/review/visitor#
743,풍성한왕갈비,https://pcmap.place.naver.com/restaurant/36221416/review/visitor#
744,국수먹방,
745,운연옛날추어탕,https://pcmap.place.naver.com/restaurant/19873249/review/visitor#
746,육교추어탕,https://pcmap.place.naver.com/restaurant/16400340/review/visitor#
747,티쏘(TSO),
748,공단캐터링,https://pcmap.place.naver.com/restaurant/1423495171/review/visitor#
749,엉뚱한포차,
750,땅과바다,
751,신선포차,
752,베테랑종합어시장,
753,멕시카나치킨,
754,일번가,
755,박가네설렁탕양평해장국,https://pcmap.place.naver.com/restaurant/1858110509/review/visitor#
756,대명각,
757,원할머니보쌈족발인천만수점,
758,해남한식부페,
759,황해냉면,
760,보드람치킨,
761,명이포차,
762,현주네포장마차,
763,굽네치킨만수점,
764,진짜노가리,
765,토방식당,
766,땡촌닭발,
767,공원집,
768,청기와뼈해장국,
769,참치킹,
770,본죽만수점,
771,큰집냉면엔돈까스,
772,예다원,
773,짱태이야기,
774,신자금성,
775,호치킨만수동점,
776,김밥천국,
777,장순네포차,https://pcmap.place.naver.com/restaurant/1674351078/review/visitor#
778,이정한우,
779,라이프에이드,
780,곰설채설렁탕,
781,달콤한게으름놀이터,https://pcmap.place.naver.com/restaurant/31068320/review/visitor#
782,유정,
783,하누풍년,https://pcmap.place.naver.com/restaurant/1313114205/review/visitor#
784,투다리하이웨이점,
785,목포홍탁,
786,썬더치킨,
787,우리동네사랑방,
788,하우돈곱창,
789,전설의참치,
790,수리수리술술,
791,꼬방원조청국장,https://pcmap.place.naver.com/restaurant/34268749/review/visitor#
792,금강산,
793,친친차이나,
794,배꼽시계,
795,스파이스,
796,자연애식당,
797,청솔밀면,https://pcmap.place.naver.com/restaurant/21371334/review/visitor#
798,시골낙지,
799,명태야명태야,
800,솔밭,
801,복돼지,
802,벗꽃,
803,숯미당,https://pcmap.place.naver.com/restaurant/1049681042/review/visitor#
804,아랫목김밥,https://pcmap.place.naver.com/restaurant/16478401/review/visitor#
805,코리안숯불바베큐,
806,민물나라,
807,돼지네,
808,입꼬리,
809,마당삼겹살,
810,건강한사람들,
811,만월식당,
812,영광식당,
813,코리안숯불바베큐,
814,황진이,
815,주막거리,
816,미소곱창,
817,후추와샐러리,https://pcmap.place.naver.com/restaurant/1080590666/review/visitor#
818,먹거리소주방,
819,술이좋아포차,https://pcmap.place.naver.com/restaurant/1285346773/review/visitor#
820,한우곱창구이,
821,마루,
822,제주두루치기보쌈,https://pcmap.place.naver.com/restaurant/1933284843/review/visitor#
823,손칼국수,
824,구월상회,
825,라이브산타나,
826,다복순대국,
827,호동이 갈비살,
828,막걸리집갈매기의꿈,https://pcmap.place.naver.com/restaurant/37944104/review/visitor#
829,럭셔리,
830,황소야,
831,첫술,
832,몽마르지,
833,더(The)짬뽕,
834,함흥왕갈비,
835,돼지꿈,
836,김밥천국,
837,큰손칼국수,
838,최고집부대찌개,
839,저온숙성카츠구름카츠,
840,신비마을,
841,남촌분식,
842,작은비어,https://pcmap.place.naver.com/restaurant/1048665491/review/visitor#
843,베테랑종합어시장,
844,수화,
845,바베큐와춤을간석점,https://pcmap.place.naver.com/restaurant/38359189/review/visitor#
846,장수뼈장국집,
847,소래장터,
848,짜장나라,
849,돼지방,
850,오복식당,
851,나들목,
852,들내음,
853,만수2점비비큐,
854,오늘은좋은날,
855,야래향,
856,호남회집,
857,돈이랑밥이랑,
858,김밥나들이,
859,무봉리순대국,
860,맛있는밥집,
861,투데이,
862,왕대박조개구이,
863,신가네한약오리,https://pcmap.place.naver.com/restaurant/12016178/review/visitor#
864,투선(Two Sun),
865,만수3지구투썸플레이스,
866,60계인천만수점,
867,귀한족발,
868,오늘은보리밥,https://pcmap.place.naver.com/restaurant/1173653557/review/visitor#
869,동해동태탕동태찜,
870,모래네밥집,
871,디디치킨(구월점),https://pcmap.place.naver.com/restaurant/1234746946/review/visitor#
872,이점동해물아구찜탕,https://pcmap.place.naver.com/restaurant/1489004633/review/visitor#
873,골뱅이대장,
874,꽈뜨봉치킨 만수점,https://pcmap.place.naver.com/restaurant/1012509778/review/visitor#
875,한솥도시락만수3지구점,https://pcmap.place.naver.com/restaurant/31068029/review/visitor#
876,황금포차,
877,오리군단,
878,교촌치킨,
879,주궁만수2호점,
880,이화찹쌀순대,
881,딴따라7080라이브,
882,바날,
883,돼야지생고기,
884,육개장차차차,
885,수림정,
886,낭만,
887,금촌밥집,
888,시연정,https://pcmap.place.naver.com/restaurant/817358687/review/visitor#
889,봉구비어,
890,불타는명태조림,
891,시골밥상,
892,컨츄리치킨,
893,박노식참치와활어,https://pcmap.place.naver.com/restaurant/38002596/review/visitor#
894,삼정한식,
895,님아,
896,구월골염소탕&더덕부추오리,https://pcmap.place.naver.com/restaurant/1866778504/review/visitor#
897,꽃다운주점만수점,https://pcmap.place.naver.com/restaurant/1817711266/review/visitor#
898,우리두리식당,
899,한잔해포차,
900,육칠이,
901,탈랜트7080,
902,돼지방,
903,신대포차,
904,두꺼비네,
905,병천순대마을,https://pcmap.place.naver.com/restaurant/16494235/review/visitor#
906,닭발엔육전,https://pcmap.place.naver.com/restaurant/31257046/review/visitor#
907,김밥나라,
908,투다리예술회관점,https://pcmap.place.naver.com/restaurant/1757504403/review/visitor#
909,고래등,
910,홍춘천치즈닭갈비,
911,인기생고기구이,https://pcmap.place.naver.com/restaurant/1426563004/review/visitor#
912,가마솥별관,
913,네네치킨만수1호점,https://pcmap.place.naver.com/restaurant/1735690695/review/visitor#
914,크라운호프(예술회관점),https://pcmap.place.naver.com/restaurant/1779967198/review/visitor#
915,망구스남촌점,https://pcmap.place.naver.com/restaurant/16405217/review/visitor#
916,쑥맥,
917,인현통닭삼계탕,
918,들꽃,
919,열린음악회,
920,촛불,
921,숙이네포차,
922,일구사삼(1943),
923,하루연어,
924,꽃다운주점 구월점,
925,김밥천국,
926,모래내싱싱회종합어시장,https://pcmap.place.naver.com/restaurant/1537625936/review/visitor#
927,전라도군산회센타,
928,백두산Ⅱ생갈비살구이,
929,토성잠실감자탕,
930,제주품은족발,
931,큰손할매순대국양스족발,
932,홀덤홀릭,
933,사랑방호프,
934,시옌(禧宴),
935,종가대박집,
936,오찡어,https://pcmap.place.naver.com/restaurant/1167408970/review/visitor#
937,온센 구월점,https://pcmap.place.naver.com/restaurant/1651052440/review/visitor#
938,유가네닭갈비,
939,평택족발보쌈,
940,정통포장마차방아깐,
941,춘향전,
942,하노이,
943,지금보고싶다구월점,
944,전망좋은 횟집,
945,우렁각시,
946,관수야관수,
947,동네빈대떡,
948,금별맥주구월로데오점,https://pcmap.place.naver.com/restaurant/1185713615/review/visitor#
949,햇살김밥,
950,명가낙지촌,
951,끼니야,
952,시카고라운지구월동점,
953,상무초밥인천구월점,https://pcmap.place.naver.com/restaurant/1624152408/review/visitor#
954,추억의포차,
955,하이웨이7080,https://pcmap.place.naver.com/restaurant/1400068278/review/visitor#
956,화로구이,
957,안골추어탕,
958,돈방석,
959,꼽사리식당,
960,씨엔에스(C&S),
961,상인천분식,https://pcmap.place.naver.com/restaurant/38387883/review/visitor#
962,굽네치킨,
963,어울림라이브,
964,초우메,https://pcmap.place.naver.com/restaurant/1498068316/review/visitor#
965,삼다숯불갈비,
966,지엠(G.M),
967,매드맥스,
968,디오더,
969,추억만들기,
970,명품생선구이조림,
971,등대한식부페,
972,생막창불곱창,
973,본죽인천관교점,https://pcmap.place.naver.com/restaurant/13371622/review/visitor#
974,또바기치킨(모래내점),https://pcmap.place.naver.com/restaurant/574533176/review/visitor#
975,우수리,
976,아재한방능이삼계탕,https://pcmap.place.naver.com/restaurant/1011408626/review/visitor#
977,장수마을,
978,도마,
979,청춘1983,https://pcmap.place.naver.com/restaurant/1722476877/review/visitor#
980,연빗,
981,해산물포차취아전,
982,페리카나치킨,
983,제주돈사돈,
984,맛소리,
985,하우스홀드,
986,정가네아구탕.찜,
987,칠갑산오감전골,https://pcmap.place.naver.com/restaurant/1541012563/review/visitor#
988,피자나라치킨공주,
989,남한강민물메기매운탕,
990,김밥마을,
991,멕시카나치킨,
992,산장농원,
993,초콜릿,
994,돼지방,
995,비틀즈,
996,부일곱창,
997,쪼끼쪼끼구월점,https://pcmap.place.naver.com/restaurant/19396751/review/visitor#
998,뚝배기추어탕,
999,한스델리만수점,
1000,달포,
1001,노가리앤비어,
1002,얼음꽃,
1003,인생건어물(관교점),https://pcmap.place.naver.com/restaurant/1337872056/review/visitor#
1004,연탄구이포차,
1005,큰나루식당,
1006,돈25,
1007,민달이네옛날국수전문점,
1008,진배족발,
1009,코리안숯불닭바베큐,
1010,요리비아구찜 인천만수점,
1011,천국해수사우나식당,
1012,찬우물보양탕,https://pcmap.place.naver.com/restaurant/38337927/review/visitor#
1013,양자강,
1014,파랑새라이브,
1015,봉구통닭간석오거리점,https://pcmap.place.naver.com/restaurant/1296408106/review/visitor#
1016,오후에한잔,https://pcmap.place.naver.com/restaurant/1348039146/review/visitor#
1017,예술회관 삼거리포차,
1018,설빙만수1호점,https://pcmap.place.naver.com/restaurant/35756136/review/visitor#
1019,모자온달포장,
1020,통돼지두루치기,
1021,치킨매니아구월점,
1022,하이코스,
1023,민푸드,
1024,북경,
1025,배터지는 생동까스,
1026,우아한족발,
1027,서가네즉석김밥,
1028,개나리,
1029,한담숯불민물장어,https://pcmap.place.naver.com/restaurant/10986005/review/visitor#
1030,장어의신,
1031,곱창들의 수다,
1032,화평동 할머니 냉면,https://pcmap.place.naver.com/restaurant/1005562701/review/visitor#
1033,"함흥양푼이동태탕,해물찜",
1034,미소로,
1035,남산골,
1036,나이스7080,
1037,대복,
1038,콩사랑청국장,
1039,김혜진삼계탕,https://pcmap.place.naver.com/restaurant/16854837/review/visitor#
1040,솜솜푸드,https://pcmap.place.naver.com/restaurant/1047405996/review/visitor#
1041,마포갈매기,
1042,다루참치,https://pcmap.place.naver.com/restaurant/35182321/review/visitor#
1043,수상한삼겹살,
1044,블라썸(Blossom),
1045,도모다찌,
1046,원주민식당,
1047,비,
1048,일병포차,
1049,청담,
1050,장충동왕족발 논보달,https://pcmap.place.naver.com/restaurant/1133728860/review/visitor#
1051,갈비도둑,
1052,무쏘인천예술회관점,
1053,등촌샤브칼국수,
1054,정성식당,
1055,남동국수마을,
1056,별포차,
1057,어지니식당,
1058,김밥천국,
1059,전마당,
1060,아마죤,
1061,경성식당,
1062,삼순이삼겹살,
1063,모두비어바(BAR),
1064,한돈집,
1065,갈비명가궁,
1066,오복내,https://pcmap.place.naver.com/restaurant/16449852/review/visitor#
1067,가림추어탕,https://pcmap.place.naver.com/restaurant/16400357/review/visitor#
1068,명동생돈가스,https://pcmap.place.naver.com/restaurant/21218285/review/visitor#
1069,원미감자탕동태탕,https://pcmap.place.naver.com/restaurant/977865355/review/visitor#
1070,꼴목,
1071,고베규카츠(구월점),https://pcmap.place.naver.com/restaurant/38696001/review/visitor#
1072,양푼갈비찜,
1073,김밥천국,
1074,뚱보아저씨네해물.아구,
1075,덕순네바지락칼국수,https://pcmap.place.naver.com/restaurant/16820566/review/visitor#
1076,골목소머리국밥,
1077,시골마을,
1078,붐비어,
1079,역전우동(인천구월점),https://pcmap.place.naver.com/restaurant/37489387/review/visitor#
1080,대공원청화대,https://pcmap.place.naver.com/restaurant/1388382064/review/visitor#
1081,커피퐁당,
1082,백암왕순대,
1083,아지트,
1084,김밥천국,
1085,능골농원가든,https://pcmap.place.naver.com/restaurant/16853470/review/visitor#
1086,대도가,
1087,엉터리생고기구월점,
1088,서동청국장,
1089,구월동장군집,
1090,김볶스,
1091,문화상회,
1092,동광양꼬치,https://pcmap.place.naver.com/restaurant/774215121/review/visitor#
1093,북경반점,
1094,퓨전요리M2,https://pcmap.place.naver.com/restaurant/34450860/review/visitor#
1095,소담,
1096,제주까망돼지인천시청점,
1097,장수해물찜,
1098,퍼스트보드카페,
1099,모퉁이,
1100,더블유(W),
1101,우돈가,
1102,꿀,
1103,옹골진푸드마을,https://pcmap.place.naver.com/restaurant/1877142919/review/visitor#
1104,장원,
1105,오봉집 인천시청점,https://pcmap.place.naver.com/restaurant/1692766568/review/visitor#
1106,알마니칼국수구월로데오점,
1107,서오릉메카다슬기,
1108,다보성,
1109,황금곱창 간석점,https://pcmap.place.naver.com/restaurant/1946460157/review/visitor#
1110,이가네왕갈비,
1111,한나루,
1112,항아리칼국수보쌈,
1113,처갓집양념치킨 간석점,
1114,단곱집 한우곱창전문점,https://pcmap.place.naver.com/restaurant/1651265204/review/visitor#
1115,카페랑마리오,
1116,복마중,https://pcmap.place.naver.com/restaurant/898774482/review/visitor#
1117,대물림한정식,
1118,오봉랭삼,
1119,용우동 홈써비스,https://pcmap.place.naver.com/restaurant/11850436/review/visitor#
1120,홍굴래,
1121,안스(Ahn.S),
1122,신포꼬꼬닭강정,https://pcmap.place.naver.com/restaurant/1512182158/review/visitor#
1123,수정냉면,
1124,만수숯불갈비,
1125,피노키오,
1126,정성본샤브칼국수,
1127,함지박소곱창,
1128,더꼬치다(만수점),https://pcmap.place.naver.com/restaurant/1796224691/review/visitor#
1129,밀숲구월점,https://pcmap.place.naver.com/restaurant/37769395/review/visitor#
1130,동춘돌곱창,
1131,유키돈까스,
1132,짜앤짬,
1133,귀한왕족발,https://pcmap.place.naver.com/restaurant/21343394/review/visitor#
1134,더짬뽕,
1135,이가네식당,
1136,오징어슈퍼구월점,https://pcmap.place.naver.com/restaurant/37621044/review/visitor#
1137,이가육갈,https://pcmap.place.naver.com/restaurant/38415186/review/visitor#
1138,육시리,
1139,청실홍실,
1140,길식당,
1141,황금전,
1142,석기시대,
1143,아떡,
1144,고가뫼고쌈냉면,
1145,유신족발,https://pcmap.place.naver.com/restaurant/33022046/review/visitor#
1146,하남돼지집구월로데오,
1147,복사꽃피는집,
1148,홍콩반점 0410,
1149,오!브라더스,
1150,착한한우곱창,
1151,진천토종순대(만수점),https://pcmap.place.naver.com/restaurant/36826593/review/visitor#
1152,고바우통닭만수6동점,
1153,삼바스카이,
1154,본가신촌설렁탕,
1155,보광순대,
1156,호치킨 간석남부역점,https://pcmap.place.naver.com/restaurant/36469761/review/visitor#
1157,우리맛기사식당,
1158,장터삼겹살,
1159,동대문곱창,
1160,우마이쇼쿠지,https://pcmap.place.naver.com/restaurant/1749914705/review/visitor#
1161,명품,
1162,코리안숯불닭바베큐,
1163,아웃닭구월점,https://pcmap.place.naver.com/restaurant/1543144831/review/visitor#
1164,쎄시봉,
1165,(주)이차돌구월점,https://pcmap.place.naver.com/restaurant/1798078363/review/visitor#
1166,가문의족보,
1167,교촌치킨간석1호점,https://pcmap.place.naver.com/restaurant/11801779/review/visitor#
1168,붐비어,
1169,산골농장,
1170,우렁두렁쌈밥,
1171,고기랑쌈밥이랑,
1172,아름드리출장부페,
1173,김밥마을,
1174,몽마르쥬,
1175,은행나무손칼국수,
1176,인천본가,
1177,토향,
1178,탐나종합어시장모래내시장점,
1179,청정수산,
1180,육교콩나물해장국,
1181,교촌치킨 만수3호점,
1182,미스터피자,
1183,죽해랑횟집,
1184,역전할머니맥주구월점,
1185,한신포차인천구월점,
1186,오늘와인구월점,
1187,화랑,
1188,취화선,
1189,정가네밥집,
1190,포차천국구월점,
1191,류가네손칼국수,
1192,웍105직화쭈꾸미,
1193,안동잔치국수,
1194,짬뽕파티,
1195,원샷,
1196,최명근스시,
1197,본죽인천구월점,
1198,촌닭숯불바베큐,
1199,본가설렁탕감자탕,
1200,제주까망돼지로데오점,
1201,흥성양꼬치,
1202,맛나돼지원,
1203,속초코다리냉면해물찜,
1204,코리아숯불닭바베큐,
1205,아웃백스테이크하우스구월점,
1206,김밥천국,
1207,이디야,
1208,김밥나라,
1209,행복한포차,
1210,명품죽(본점),
1211,복성원,
1212,굴찌굴국밥전문점,
1213,유타로,
1214,또봉이통닭,
1215,초밥세끼,
1216,네네치킨(간석점),
1217,닭권브이,
1218,낭만셰프라멘,
1219,가마치통닭,
1220,인생술집,
1221,멕시카나치킨,
1222,최복남직화쭈꾸미명가,
1223,오구본가모래내시장점,
1224,서산물텀벙,
1225,365간장게장,
1226,투데이,
1227,엽전 열닷냥,
1228,우동면가,
1229,본차이나,
1230,소문난 김밥,
1231,비어스토리(BEER STORY),
1232,구(9)어먹어,
1233,만수종합어시장,
1234,더(THE)바른고깃집,
1235,명품꽃갈비,
1236,어부김부장,
1237,본도시락인천길병원점,
1238,콩사랑순두부,
1239,배달의 쌀국수,
1240,병천황토방순대장수점,
1241,베이징,
1242,지짐이,
1243,백암장수순대,
1244,우리돼지소,
1245,조마루감자탕,
1246,네네치킨논현점,
1247,옥문,
1248,끝판왕무한리필,
1249,초원농원,
1250,영광숯불민물장어,
1251,스카이셀프맥주창고,
1252,씨제이푸드빌(주)빕스예술회관역점,
1253,프라하,
1254,어장관리,
1255,빨강지붕,
1256,장수족발,
1257,연탄구이,
1258,더 레드,
1259,연안식당,
1260,신안집,
1261,진푸드,
1262,이화순대국,
1263,리미니뉴코아인천점,
1264,유천냉면,
1265,주이비어,
1266,3번출구치킨,
1267,채현맛집,
1268,요녀석구월점,
1269,역전할머니맥주(간석점),
1270,동대문곱창,
1271,장혁민의부대찌개동암점,
1272,국정가리비칼국수,
1273,롤링파스타,
1274,퓨전박리김밥,
1275,황소야플러스,
1276,김밥천국,
1277,풍경,
1278,명품추어탕,
1279,오구팔구초밥&롤,
1280,보드람치킨,
1281,소담애(인천구월점),
1282,케사라,
1283,대박식당,
1284,인싸푸드,
1285,에스프리,
1286,풍천장어,
1287,김밥천국,
1288,양순네칼국수,
1289,본죽,
1290,크라운호프인천간석오거리점,
1291,양평해장국,
1292,전주종가콩나물국밥(콩심),
1293,오복솥뚜껑삼겹살,
1294,치킨멤버,
1295,오구본가만수3지구점,
1296,돈스(돈's),
1297,우짜우짜,
1298,아우네장터,
1299,못말리는생돈까스,
1300,모도리감자탕.뼈찜,
1301,술창고,
1302,경성한우불고기,
1303,역전상회,
1304,정가네손두부집,
1305,장수촌,
1306,극한수산,
1307,가마솥설렁탕,
1308,양평해장국,
1309,대성각,
1310,삼거리어시장,
1311,아름다운부페,
1312,딸부자집,
1313,본죽,
1314,해장국상점,
1315,팔각도 구월점,
1316,도담순대국,
1317,김밥전문점,
1318,희망식당,
1319,이정,
1320,매화참치,
1321,훌랄라참숯치킨,
1322,즐거운포차,
1323,우리끼리,
1324,비에이치씨(BHC)간석올리브점,
1325,염철이네,
1326,갈비향,
1327,라쿤치킨,
1328,연지,
1329,홍희통닭,
1330,천하일미김밥집,
1331,비비큐치킨,
1332,태왕칼국수,
1333,뚱이감자탕,
1334,엄마손한분식,
1335,돈킹,
1336,애슐리퀸즈뉴코아인천점,
1337,우렁찬명품한우정육점식당,
1338,광해.아구.해물,
1339,아성반점,
1340,사계절,
1341,제주밤바다,
1342,광명대창집구월점,
1343,샤넬,
1344,본탁,
1345,만족하족,
1346,김밥이최고야,
1347,청해활어회센타,
1348,연어상회,
1349,장터삼겹살,
1350,칼포니치킨간석점,
1351,대흥풍천숯불장어구이,
1352,마씨네마포차,
1353,디코레북창동순두부구월로데오점,
1354,815맛집,
1355,향미,
1356,이정생갈비,
1357,김밥이야기,
1358,바비큐보스,
1359,투다리구월점별관,
1360,사랑채보쌈,
1361,구봉산,
1362,선데이인천,
1363,창대왕족발,
1364,주치킨호프,
1365,오거리김밥천국,
1366,소래산묵밥,
1367,장수손짜장,
1368,인연라이브,
1369,인성식당,
1370,고향식당,
1371,카츠오모이 인천구월점,
1372,청송오리,
1373,백년풍천장어,
1374,용현털보아구찜·탕,
1375,한경희의전라도밥상어촌마을,
1376,이가네왕족발.보쌈.감자탕,
1377,장충동왕족발,
1378,산에바다,
1379,솔비네왕족발보쌈,
1380,꼬친보쌈,
1381,가쯔레쯔,
1382,일미,
1383,원조봉평모밀막국수,
1384,행복식당,
1385,치킨이즈백,
1386,꿀포차,
1387,한점한점,
1388,감탄만수시장점,
1389,김밥천국,
1390,왕손짜장,
1391,정가며느리볼테기,
1392,이탈리안야시장쌀쌀맞은닭,
1393,해천,
1394,달빛,
1395,김밥천국,
1396,고모네분식,
1397,오늘의한줄,
1398,복개천대박집,
1399,백옥양꼬치,
1400,숯불에취하다,
1401,정성식당,
1402,주식회사베이비엔젤,
1403,제주도하루미삼겹살,
1404,피자플렉스(PIZZA FLEX),
1405,전술집,
1406,푸른바다찜탕,
1407,신화포차,
1408,닭이봉닭갈비막국수,
1409,(주)정정당당 화로구이,
1410,나드리,
1411,구구족 인천만수역점,
1412,족발야시장,
1413,동춘사골순대국,
1414,큰손찌개마을,
1415,병천진순대,
1416,박대박참치전문점,
1417,피자에땅,
1418,대박포차,
1419,함지박아구탕곱창구이,
1420,육반장,
1421,우송솥뚜껑삼겹살,
1422,구어보소 간석시장점,
1423,쭈꾸미살롱,
1424,두꺼비포장마차,
1425,진영차돌배기,
1426,친구네,
1427,십원집,
1428,에이원실내포장마차,
1429,또래오래,
1430,짬뽕이야기,
1431,광명옥,
1432,양선생연탄돼지불고기,
1433,돈두꺼비,
1434,김밥만두국가대표,
1435,김가네염소탕,
1436,꽃피는밤,
1437,꿀포차,
1438,바다양푼이동태탕,
1439,씨지브이 인천14,
1440,먹대장,
1441,스시천구월본점,
1442,흑산도홍탁,
1443,맛차이나,
1444,수쿰빗타이,
1445,오리마당돼지천하,
1446,고기싸롱인천시청점,
1447,청해횟집,
1448,정다음,
1449,촌놈어시장,
1450,곱창가구월로데오점,
1451,김밥나라,
1452,남촌자매양꼬치구이,
1453,역전할머니맥주,
1454,칭따오,
1455,선운사민물장어,
1456,훌랄라숯불바베큐,
1457,막끌리네,
1458,탐라제주흑돼지,
1459,싱싱회예찬,
1460,라스베가스,
1461,으뜸한방장작구이,
1462,황가네한우곱창,
1463,짜장먹을래짬뽕먹을래,
1464,호신가마솥영양탕,
1465,미소야,
1466,크라운호프,
1467,형제곱창,
1468,예다원,
1469,봉평메밀막국수,
1470,황제차이나,
1471,돈카츠마켙 인천구월만수점,
1472,소문난집,
1473,명동찌개마을,
1474,153치킨피자,
1475,치맥앤그릴,
1476,필바든치킨,
1477,코코스김밥,
1478,국수마을,
1479,오봉상회,
1480,김밥천국,
1481,마라덕후,
1482,김밥천국,
1483,88켄터키치킨,
1484,회사랑,
1485,레드바(REDBAR),
1486,다미,
1487,지리산흑돼지,
1488,네네치킨구월점,
1489,돈소식당,
1490,0심이퓨전포차,
1491,펀비어킹,
1492,구월동횟집골목어시장인천점,
1493,소래버섯나라,
1494,본죽길병원암센터점,
1495,팔도한옥집,
1496,서문찜,
1497,봉채국수,
1498,냅다청양집 만수점,
1499,개딱종합어시장,
1500,굽네치킨관교구월2호점,
1501,소백산술도가,
1502,미루숯불갈비,
1503,김밥천국,
1504,쎄시봉,
1505,삼겹살대희,
1506,김밥천국,
1507,복주는쉐프,
1508,산타나,
1509,남원추어탕,
1510,양촌리화로구이,
1511,호구포꼬마김밥,
1512,숨비소리,
1513,유가네한우곰탕,
1514,서동청국장,
1515,형가나순대나국밥,
1516,통행길호프,
1517,장금수부대찌개간석점,
1518,봉이네칼국수,
1519,왕십리소곱창,
1520,해솜맛집,
1521,등대김밥,
1522,리얼포차,
1523,김연옥식당,
1524,정든한우소머리국밥,
1525,보드람치킨(논현신도시점),
1526,치어스,
1527,콘서트,
1528,지지미양막걸리군,
1529,취반,
1530,공원식당,
1531,퓨전5000냥,
1532,아랜역물닭갈비,
1533,만의골종가집,
1534,김밥타임,
1535,풍미감자탕,
1536,비비큐(BBQ),
1537,불티닭발,
1538,삼시세끼한식뷔페,
1539,굽네치킨구월점,
1540,미소야,
1541,옛골,
1542,설빙모래내시장점,
1543,우렁찬명품한우정육점식당,
1544,명태어장,
1545,바다해물탕.회전문점,
1546,고창복의착한갈비민물장어,
1547,마라도참치,
1548,면사무소,
1549,야밤에놀자,
1550,김밥스타,
1551,푸전집,
1552,조림조림,
1553,정든닭발구월점,
1554,한우물,
1555,소문난분식,
1556,장터즉석치킨호프,
1557,팔팔소곱창8800,
1558,팔도향마라훠궈,
1559,풍천장어,
1560,불닭발동대문엽기떡볶이 구월로데오점,
1561,스파월드짐,
1562,투다리(만수3지구점),
1563,홍대개미,
1564,강촌토종삼계탕,
1565,국민갈비직영점,
1566,원칼국수,
1567,대부도칼국수,
1568,비비큐,
1569,치어스간석북부역점,
1570,안녕포하이포(HIPO),
1571,노다지풍천장어민물매운탕,
1572,돼지네식당,
1573,남촌회관,
1574,쉘브루,
1575,대박집막창,
1576,(무주골)다정식당,
1577,가야,
1578,멕시카나치킨,
1579,칭칭차이나공단점,
1580,돌쇠네추어탕,
1581,남동어시장,
1582,명태어장구월모래내대산점,
1583,삼현가,
1584,신의주찹쌀순대,
1585,중국성,
1586,강원국수,
1587,할매네,
1588,인더캠핑,
1589,아바,
1590,봉쥬르레스토랑,
1591,BHC치킨간석역점,
1592,페리카나,
1593,행복한밥상,
1594,산너머남촌에,
1595,369고(GO)기,
1596,늘편안한집,
1597,남도막창,
1598,본가궁갈비,
1599,토마토김밥향촌점,
1600,산천쭈꾸미,
1601,사곶냉면,
1602,와따참치,
1603,포대포(구월점),
1604,하가교동짬뽕,
1605,칼튼,
1606,달빛내리는포차,
1607,오리농장,
1608,형제복집,
1609,오후의레시피,
1610,장금이수라간,
1611,화산석돌판구이,
1612,금순네식당,
1613,족장,
1614,인생극장쪽갈비구월점,
1615,돈'S삼겹살,
1616,장수설렁탕,
1617,우렁이박사,
1618,감나무집,
1619,복사랑만두만수3지구직영점,
1620,돼통령,
1621,종효양평해장국남동공단점,
1622,밀겨울,
1623,구석탱이매운돼지갈비찜&곱창전골,
1624,곱돌이네,
1625,종로빈대떡,
1626,부귀무한리필삼겹살돼지갈비,
1627,자연산선어,
1628,우리보리생고기,
1629,다사랑,
1630,빙고,
1631,하얀나비,
1632,이천쌀밥집 화정,
1633,명가,
1634,바람난명태,
1635,황금명태,
1636,이곳으로,
1637,사랑방,
1638,독도닷컴,
1639,매콤이,
1640,어울림회조개구이,
1641,정통왕돈까스,
1642,하오램푸드,
1643,만의골보리밥,
1644,정아식당,
1645,양철쭈낙,
1646,장수고을,
1647,조마루감자탕(간석점),
1648,힐영상라이브,
1649,사랑채,
1650,아우디,
1651,이당비스트로,
1652,그랜드볼룸,
1653,노랑통닭만수역점,
1654,로또생삼겹,
1655,국민전통갈비,
1656,육대장(본점),
1657,유락칼국수,
1658,명가원설농탕,
1659,오가며포차,
1660,짚탄구이,
1661,큰집칼국수,
1662,남촌골,
1663,오가네정육식당,
1664,아인,
1665,비에이치씨(BHC)치킨 논현점,
1666,골목식당,
1667,큰맘할매순대국,
1668,국수나무구월점,
1669,갈비창고1981(서창점),
1670,코스모스식당,
1671,화미소금구이,
1672,이우철한방누룽지삼계탕,
1673,은갈비,
1674,노르웨이숲,
1675,천마장작불정육점쉼터고기,
1676,삼송가든,
1677,비에이치씨(BHC) 논현은봉초교점,
1678,신의주찹쌀순대 길병원점,
1679,거기술집,
1680,유진,
1681,개성손만두,
1682,중국관,
1683,만의골느티나무집,
1684,리얼펍,
1685,요리조리,
1686,샤브샤브신선채,
1687,화촌,
1688,예술,
1689,피자진,
1690,게경포차,
1691,네네치킨(만수2호점),
1692,김가네,
1693,양백,
1694,만수활어회센타,
1695,호치킨논현역,
1696,청기와부대찌개,
1697,윤식당,
1698,홍루이젠,
1699,또봉이통닭만수점,
1700,함흥양푼이동태탕해물찜,
1701,등촌샤브칼국수,
1702,굽네치킨 논현고잔1호점,
1703,시골밥상,
1704,본죽모래내시장점,
1705,장수손두부,
1706,청기와감자탕,
1707,정가붕어찜,
1708,써니7080라이브,
1709,고바우,
1710,한양진족,
1711,59쌀피자,
1712,클래식돈까스,
1713,예담삼계탕,
1714,엄가네진흙구이,
1715,신전떡뽁이,
1716,길라이브,
1717,비비큐(BBQ)구월캐슬점,
1718,목월정,
1719,솔마로참나무장작구이,
1720,보성순대곱창,
1721,제주꽃돈144,
1722,빅보이,
1723,맨체스터,
1724,멕시카나 구월2호점,
1725,장미막창,
1726,코리안숯불닭바베큐,
1727,라이브 인(Live In),
1728,유미카츠인천논현점,
1729,백채인천논현점,
1730,강남보리돈,
1731,원주추어탕,
1732,본가설렁탕,
1733,곱창이야기(구월점),
1734,정원소매랑,
1735,사계절막회,
1736,곱창고 구월점,
1737,쌍둥이네,
1738,배나온친구들,
1739,먹보뒷고기,
1740,뚝배기이탈리아,
1741,핫치킨퓨전,
1742,옛날아우네순대,
1743,김밥천국,
1744,전복촌,
1745,미스터차,
1746,치킨매니아논현에코점,
1747,소담참숯생삼겹살,
1748,어머나원숙성생삼겹살,
1749,칼리가리박사의밀실,
1750,신화장어,
1751,오구피자,
1752,털보김홍재꽃게아구해물전문점,
1753,토부리병천순대,
1754,수연푸드,
1755,메콤이네,
1756,김밥천국,
1757,한스델리간석점,
1758,일미리금계찜닭간석점,
1759,하얀나비,
1760,대명반점,
1761,만리짬뽕,
1762,대성갈비,
1763,터치쿡인천논현점,
1764,현수산,
1765,김밥천국,
1766,오븐에빠진닭(간석점),
1767,이차돌인천논현점,
1768,루쉬,
1769,천만애해신탕,
1770,장작불솔잎순대,
1771,마산아구탕 풍천장어직판장,
1772,택이네조개전골,
1773,원마산아구찜,
1774,육시리인천시청점,
1775,엔비나인(NB9),
1776,마싯전,
1777,피엠푸드(인천논현점),
1778,델리푸드,
1779,브라운곱창(인천논현본점),
1780,오향왕족발,
1781,삼화정1호점,
1782,황금네명태마을,
1783,메이찬,
1784,원조부안집인천논현점,
1785,스시라인,
1786,우리타운식당,
1787,한결통아구찜,
1788,왔다갔다황소곱창(소래포구점),
1789,한가네오리촌,
1790,매드맥스,
1791,투다리,
1792,호치킨하우스 간석래미안자이점,
1793,소머리국밥,
1794,남동테크노파크식당,
1795,마포성산동소문난껍데기집,
1796,맛짱갈매기,
1797,한솥도시락길병원앞점,
1798,본죽,
1799,옛날아우내순대,
1800,밥,
1801,도도해해물나라,
1802,서울식당,
1803,경복궁삼계탕,
1804,자월도회집,
1805,완도바다,
1806,멕시카나치킨주공점,
1807,멸치국수,
1808,경복궁삼계탕,
1809,소래포구,
1810,호식이두마리치킨구월1호점,
1811,초밥왕,
1812,명동밥상본점,
1813,본죽간석남부역점,
1814,낭만닭발,
1815,별난곱창,
1816,놀부부대찌개철판구이,
1817,삼막골,
1818,시골순두부,
1819,곱창이야기 논현점,
1820,거성장 중화요리,
1821,비비큐(논현2점),
1822,순애라이브,
1823,전라도뼈해장국,
1824,엠(M),
1825,황금순대국,
1826,희래성,
1827,인천논현동맛집돈상사본점,
1828,소래타운,
1829,백령도횟집,
1830,귀한족발 구월 직영점,
1831,롯데리아인천논현점,
1832,마포갈매기,
1833,삼보댄스카페식당,
1834,남도추어탕,
1835,녹각삼계탕,
1836,시골순대국,
1837,민라이브,
1838,맨하탄,
1839,티바두마리치킨,
1840,장혁민의부대찌개인천시청점,
1841,왕짬뽕,
1842,알리바바치킨,
1843,맛나동태찌개전문점,
1844,티엔차이나,
1845,처갓집양념치킨만수3점,
1846,춘천중앙로숯불닭갈비,
1847,동방양꼬치,
1848,봉구비어,
1849,정낭흑돼지,
1850,미가정,
1851,경주포차,
1852,탑양꼬치,
1853,쭈꾸미일당백구월본점,
1854,삼대모밀,
1855,야들리애치킨(논현역점),
1856,더차이나예원,
1857,인쌩맥주논현점,
1858,치킨매니아소래본점,
1859,힛트,
1860,명가양꼬치,
1861,핫썬치킨,
1862,순이네포차,
1863,식어무반,
1864,순이네생삼겹살,
1865,저8계콧9멍,
1866,부산밀면돼지국밥,
1867,아워타임(ourtime),
1868,마포왕주먹고기,
1869,만수생고기,
1870,모래내,
1871,치킨트리플앤돈가스빠작,
1872,소담김밥,
1873,노블레스,
1874,중원양꼬치&훠궈,
1875,테크노마트식당,
1876,한식당,
1877,가빈,
1878,김밥천국2900,
1879,까망돼지하양돼지,
1880,춘천원조닭갈비,
1881,토박이,
1882,만수네어시장,
1883,일품통닭,
1884,논현돌곱창,
1885,또바기,
1886,대명반점,
1887,소담애,
1888,뉴욕야시장,
1889,로빈,
1890,지리산흙돼지,
1891,김밥나라,
1892,로시난테,
1893,삼순이마당육곳간,
1894,애슐리퀸즈홈플러스간석점,
1895,전가향,
1896,불리다푸드,
1897,부엉이돈가스,
1898,유가네뼈해장국,
1899,라이브가요산책,
1900,오구본가만월산터널점,
1901,시골밥상간석시장,
1902,토마토김밥,
1903,빨간장화7080,
1904,태근한우생곱창,
1905,탕화쿵푸마라탕,
1906,다비,
1907,주안상,
1908,엔돌핀불가마,
1909,김가네쭈꾸미,
1910,북경,
1911,황금미소,
1912,감탄(남촌점),
1913,역전우동인천논현역점,
1914,현이네김밥,
1915,꼰디오스(CONDIOS),
1916,동진강민물매운탕,
1917,사랑채밥상,
1918,훌랄라참숯바베큐치킨서창점,
1919,느낌그대로,
1920,79파운야드인천논현역점,
1921,옛골포차,
1922,한우궁구월힐스테이트점,
1923,분식이이래도되는가인천구월점,
1924,길손,
1925,대구왕뽈찜,
1926,하남돼지집 인천논현점,
1927,구구,
1928,통돼지김치찌개전문점,
1929,닥엔돈스쪽갈비치킨인천논현점,
1930,엠(M),
1931,황제갈비살본점,
1932,티바두마리치킨,
1933,생고기소래맛집,
1934,인향어시장,
1935,금별맥주 인천논현점,
1936,화덕고깃간(논현점),
1937,친친중화요리,
1938,구월기사식당,
1939,장수보리밥,
1940,돈키호테,
1941,벽골제추어탕,
1942,삼대왕족발,
1943,꼬치의품격인천논현점,
1944,면사랑,
1945,맥주활력수,
1946,교촌치킨(논현1호점),
1947,녹색흑염소인천본점,
1948,코지아느칸커피앤펍(COZY(아느칸)Coffee&Pub),
1949,향계,
1950,유진초밥,
1951,꾸브라꼬숯불두마리치킨,
1952,로로김밥,
1953,차이나,
1954,장터삼겹살,
1955,풍년포차,
1956,불로만숯불바베큐만수점,
1957,크라운호프인천논현점,
1958,고기유,
1959,화통족발,
1960,한솥도시락인천논현점,
1961,샘터골식당,
1962,으뜸이감자탕,
1963,언니네치킨,
1964,야들리애치킨 간석4동점,
1965,피자알볼로구월점,
1966,굿모닝베트남인천논현점,
1967,뚱보집구월점,
1968,강경식당,
1969,골목길,
1970,굽네치킨간석점,
1971,백년낙지마당,
1972,미즈미참치,
1973,남원추어탕,
1974,더블유,
1975,김가네찜닭(돈사돈),
1976,호섭이네불닭발,
1977,본전왕대포,
1978,모이세,
1979,보리네생고깃간,
1980,한식과김밥사랑,
1981,다온,
1982,봄식당,
1983,박가부대 모래내점,
1984,다하누유케포차인천논현점,
1985,크라운호프만수3지구점,
1986,미락,
1987,미가한식,
1988,보드람치킨 서창점,
1989,김백정고깃집,
1990,백년불고기,
1991,육대장,
1992,진선미,
1993,나비,
1994,김밥과퓨전,
1995,담경식당,
1996,대감영양족발,
1997,미미반점,
1998,고래,
1999,토박이감자탕,
2000,투썸플레이스(만수향촌점),
2001,부어치킨(간석1동점),
2002,대풍해물아구찜탕,
2003,남원추어탕(논현점),
2004,호치킨,
2005,가장맛있는족발인천논현점,
2006,팬지카페(pensee cafe),
2007,신두리,
2008,자매소양강민물장어,
2009,수수각,
2010,칭따오,
2011,산마르코,
2012,선심이네순대국,
2013,소바애만의골점,
2014,김밥천국만수점,
2015,베테랑종합어시장 만수2동점,
2016,본가연탄갈비,
2017,장터삼겹살,
2018,조개까는포차,
2019,이도참치,
2020,비에이치씨(BHC)치킨한화에코점,
2021,봉추찜닭구월점,
2022,만의골보리밥Ⅱ,
2023,마스로,
2024,동굴삼겹살인천구월점,
2025,수아,
2026,빨간통피자,
2027,동감,
2028,다담밥상,
2029,한사랑포차,
2030,임창정의대단한갈비인천논현점,
2031,백암왕순대,
2032,새마을식당(인천논현점),
2033,아지트,
2034,사랑도참치,
2035,무지락설렁탕,
2036,팔팔껍데기,
2037,티바두마리치킨(간석점),
2038,금화왕돈까스서창점,
2039,바른치킨인천서창2지구점,
2040,이꼼닭숯불꼼장어닭발,
2041,피자나라치킨공주(구월만수1호점),
2042,비비큐(BBQ)한화지구점,
2043,천리마식당,
2044,전정옥칼국수,
2045,이필배의 진짜루 명태촌,
2046,돈불,
2047,올드사이공,
2048,여명차이나,
2049,아주마니,
2050,처갓집양념치킨(만수2호점),
2051,숯불직화꼬치바베큐,
2052,남촌설렁탕,
2053,청기와모밀촌,
2054,김밥천국논현본점,
2055,형제들감자탕,
2056,소래해수사우나치킨,
2057,포장마차방아깐,
2058,피자나라치킨공주논현점,
2059,스시요시,
2060,솔밭포차,
2061,청풍면옥,
2062,항방양육관논현점,
2063,백년보감삼계탕찜닭인천논현점,
2064,티바두마리치킨(구월1호점),
2065,원조을지로노가리,
2066,김밥천국(논현본점),
2067,스톤(stone)504,
2068,남원밥상,
2069,백두산생구이,
2070,만수바(bar),
2071,황토통가마구이,
2072,라쿠비어,
2073,부어치킨(만수1동점),
2074,논현해물천지,
2075,꼴목만수점,
2076,삼겹살집,
2077,니하오,
2078,짱태,
2079,S.T3100,
2080,비턴,
2081,소풍김밥,
2082,종가빈대떡(인천논현점),
2083,대왕대포간석점,
2084,인디스,
2085,장수빈대떡,
2086,우리참치,
2087,왕대박짜우짜우(만수점),
2088,본가손맛집소래점,
2089,펀비어킹만수향촌점,
2090,곤지암소머리국밥,
2091,까망돼지,
2092,맛있는밥상,
2093,최가네생고기,
2094,프리타임,
2095,오늘은 뼈다귀,
2096,한태산의정육식당,
2097,365간장게장 구월로데오점,
2098,서초본가구월점,
2099,장수불닭발,
2100,피자헛 인천논현점,
2101,은갈비직영점,
2102,청춘뒷고기,
2103,갓빠참치,
2104,논현막창구이,
2105,피자스톰미추홀남동점,
2106,광명대창집 인천논현점,
2107,궁전,
2108,별이네이런껍데기,
2109,춘천명동닭갈비,
2110,올킬떡볶이,
2111,오케이출장부페,
2112,이삭토스트구월길병원점,
2113,동인천삼치,
2114,느그집,
2115,그때거기,
2116,설리버리푸드,
2117,땡촌닭발,
2118,옛날삼겹살1988,
2119,수미식당,
2120,회랑초밥이랑,
2121,씨(C),
2122,수성조개구이,
2123,일미리금계찜닭,
2124,구월추어탕,
2125,평강오리타운,
2126,왕소곱창,
2127,니뽕내뽕구월점,
2128,명가춘천닭갈비,
2129,오늘술집 주다방 인천구월점,
2130,피자헛(남동점),
2131,평강분식,
2132,한성국밥,
2133,엄마도야지,
2134,아꼼숯불구이,
2135,명당왕족발,
2136,오땅비어,
2137,처음맛처럼,
2138,행찾사,
2139,윤라이브7080,
2140,박가네뒷고기,
2141,초원목오리마을,
2142,장수포차,
2143,수월식당,
2144,군산포차,
2145,황제삼계탕,
2146,대박실내마차,
2147,미가촌감자탕,
2148,해와달분식,
2149,소문난해물나라,
2150,우리닭강정,
2151,집에가기전막걸리한잔,
2152,불타는돈가스,
2153,장터삼겹살,
2154,흥남면옥,
2155,만수야연탄불고기생선구이,
2156,잔스비프(John's Beef),
2157,(주)통큰소한마리,
2158,남원참추어탕,
2159,진짜배기명태촌,
2160,꼬치굽는누나,
2161,이가네도시락,
2162,자쿠와,
2163,바오,
2164,취중진담,
2165,굴이좋은세상,
2166,일점사,
2167,갈비명가포천이동숯불갈비,
2168,준형이네순대국뼈해장국,
2169,이가네족발,
2170,만나식당,
2171,명가칼국수,
2172,판다칸칸,
2173,본죽만수역점,
2174,신가바늘산오징어,
2175,에프엠쿡(FMCOOK),
2176,동네분식,
2177,신논현족발보쌈,
2178,전주식당,
2179,두리왕돈까스,
2180,담다,
2181,신마포갈매기,
2182,사도시,
2183,손선생명태촌,
2184,모자온달논현점,
2185,투다리(만수점),
2186,치킨마루,
2187,샤펠드미앙,
2188,두꺼비집,
2189,엄마밥줘,
2190,남촌칼국수,
2191,굴세상(한화고잔점),
2192,황해막회,
2193,돈대접,
2194,올떡&우쿠야구월점,
2195,호구포차,
2196,지리산흑돈쌈밥,
2197,꼴목 인천논현점,
2198,치킨히어로(논현점),
2199,요런떡볶이,
2200,고구려숯불갈비(간석점),
2201,신(新)관교민물매운탕,
2202,인천물텀벙이(육고기),
2203,빽다방구월로데오점,
2204,산들식당,
2205,대천항식당,
2206,교동짬뽕,
2207,동해식당,
2208,형제식당,
2209,본죽&비빔밥인천한화에코점,
2210,푸라닭인천만수1호점,
2211,모노,
2212,명인짜장,
2213,도란도란전방,
2214,율이네 칼국수,
2215,미스터피자만수3지구점,
2216,봉창곱창,
2217,소망식당,
2218,김밥천국,
2219,해우소,
2220,리틀크레이지피자,
2221,형제식품식당,
2222,촌닭숫불바베큐,
2223,석Cafe로스팅하우스,
2224,모야히,
2225,동보성,
2226,행복식당,
2227,배불뚝이,
2228,좋은날목로,
2229,드마리스,
2230,신김밥천국,
2231,정화식당,
2232,문가네생선구이,
2233,보드람치킨(논현에코점),
2234,냉면천국앤돈가스천국,
2235,秀(수)명품참치,
2236,싱싱회어시장,
2237,수라상백반,
2238,멕시카나치킨(서창점),
2239,돈불연탄불고기전문점,
2240,길또다른삼겹살,
2241,짜이라이,
2242,강직구,
2243,필바든치킨만수점,
2244,사랑의밥상,
2245,엘림맛집,
2246,청실홍실,
2247,장안동태탕,
2248,불닭발동대문엽기떡볶이 구월점,
2249,남촌국수,
2250,치킨플러스,
2251,동아리순대,
2252,달초밥,
2253,장마구로참치스시,
2254,봉채국수.돈까스 구월점,
2255,오킴스라이브클럽,
2256,서인반점,
2257,즐거운맛집,
2258,영구네,
2259,아리랑버섯나라,
2260,육통형(소래점),
2261,김치뚝딱,
2262,소래김밥,
2263,맛깔참죽,
2264,성원돈까스,
2265,진(振)오늘은내가쏜다,
2266,미궁장어구이,
2267,달빛정원,
2268,쌍둥이네양념,
2269,연탄길,
2270,단단갈비,
2271,대박,
2272,소갈비찜도담,
2273,대돈단결,
2274,우정이네,
2275,만수네집밥,
2276,군자 대한곱창 인천논현점,
2277,The짬뽕,
2278,해변횟집,
2279,개성손만두요리전문점,
2280,가마로강정(논현역점),
2281,우리집밥,
2282,맘스다이닝,
2283,해늘찹쌀순대 남동인더스파크점,
2284,단골집,
2285,스시웨이(구월점),
2286,재현할매집,
2287,굴러들어온복,
2288,시크릿,
2289,미플러스,
2290,시골우렁이쌈밥,
2291,부어치킨(호구포점),
2292,한우정,
2293,이모네집밥,
2294,오손도손,
2295,사과나무,
2296,흑산도홍어,
2297,모두의만족족발보쌈인천논현점,
2298,전라도공희네회양념,
2299,태화양꼬치,
2300,그냥갈수없잔아,
2301,순복이네밥상,
2302,토모토모,
2303,인생연어,
2304,참새식당,
2305,배나수제 순두부,
2306,생선구이구이,
2307,팔팔짜장잠뽕,
2308,꼬꼬불닭발,
2309,피자알볼로인천논현점,
2310,김용해의 소문난순대국집,
2311,닭치고춘천정통닭갈비,
2312,장충동영양족발보쌈,
2313,백암왕순대,
2314,월수금통돼지볶음찌개전문점,
2315,마포주먹고기,
2316,비금도탕탕,
2317,리올라,
2318,본래순대인천만수점,
2319,포구호프앤포차,
2320,뜸들이다(간석점),
2321,젊은농부해피타운,
2322,향촌왕족발,
2323,달콤한 닭강정,
2324,고반식당구월로데오점,
2325,황금포차,
2326,놀부부대찌개·철판구이(호구포점),
2327,아마죤,
2328,호식이두마리치킨만수1호점,
2329,와규홀릭,
2330,맛고을,
2331,스시율,
2332,더차이나(The China)홍익,
2333,청춘,
2334,더마시까,
2335,친구야딱한잔,
2336,논현아구찜,
2337,참소래칼국수,
2338,치킨마루(남촌점),
2339,더(The)조은고기,
2340,이종원의김밥집,
2341,유명환명품족발,
2342,예손식당,
2343,풍천백세민물장어,
2344,한솥(간석역사거리점),
2345,쯔리빠가낚시바보,
2346,제임스떡뽀끼(간석점),
2347,교촌치킨구월점,
2348,라라푸드,
2349,지리산큰손집,
2350,멕시카나,
2351,술먹는참치,
2352,카페로드,
2353,불타는연탄구이,
2354,농협목우촌웰빙마을(만월점),
2355,더(THE)풀,
2356,설빙인천구월점,
2357,오가한식부페운연점,
2358,시골한우장터벼루,
2359,오백년정육식당,
2360,구월산,
2361,지영이네,
2362,참치한판,
2363,강호동치킨678논현1호점,
2364,궁중스테이크보쌈,
2365,우람치킨,
2366,시골밥상,
2367,세자매회양념집,
2368,이도참치,
2369,리더스하우스,
2370,동아맛집,
2371,회뜨는날,
2372,호수꼬치,
2373,뭉티기,
2374,표주박,
2375,소래밴댕이,
2376,온칼국수,
2377,미추홀순두부,
2378,만수동국밥,
2379,비에이치씨(BHC)만수향촌점,
2380,차이홍짬뽕,
2381,을지로골뱅이노가리,
2382,논현가야족발,
2383,한잔해한잔해,
2384,다이어메이커,
2385,용감한창고,
2386,베스트,
2387,향촌외식명가,
2388,반포식스홈플러스간석점,
2389,골목길숯불바베큐,
2390,장사의신,
2391,문파스타,
2392,런던라이브,
2393,진곱창,
2394,보통날의파스타,
2395,제주킹대패논현점,
2396,황선장내,
2397,루시아,
2398,오구본가간석3동점,
2399,오술차구월점,
2400,먹구먹구족발보쌈,
2401,전당포,
2402,육감만족인천간석점,
2403,장미커피호프,
2404,황가네김밥,
2405,연참치,
2406,하루라이브,
2407,호미불닭발,
2408,품바식당,
2409,명태어장(논현점),
2410,동보식당,
2411,강화순대,
2412,착한식당,
2413,양지뜸 추어탕,
2414,모심 구월점,
2415,서울포차,
2416,음악캠프,
2417,쭈노,
2418,만화까페내사랑순정씨,
2419,황해곱창,
2420,시장회집,
2421,커피더비어,
2422,퀸라이브,
2423,가장맛있는족발,
2424,어부맨,
2425,주식회사훈장골,
2426,장가네낙지칼국수,
2427,수제비국 보리밥집,
2428,족사랑만수점,
2429,육시리,
2430,포차천국,
2431,국푸드,
2432,이자카야 만월구월점,
2433,플러스주점,
2434,본죽소래역점,
2435,구수옥,
2436,제주미돈,
2437,교짬,
2438,묵찌,
2439,장수족발,
2440,왕의밥상(한식뷔페),
2441,그라나다,
2442,코리아숯불바베큐,
2443,황우족발,
2444,피자마루한화지구논현역점,
2445,명품임실치즈피자,
2446,온가족발,
2447,동네분식,
2448,전주명가,
2449,남도술상(인천논현점),
2450,송도우리갈비남동구청점,
2451,장재은오리집,
2452,한촌설렁탕인천논현점,
2453,아빠낙지,
2454,삼지구,
2455,육수의달인,
2456,정글애갑오징어(인천시청점),
2457,디오픈(The OPEN),
2458,신의주찹쌀순대호구포점,
2459,우리동네대통령호구포점,
2460,크라운호프소래포구역점,
2461,지미스,
2462,만수야놀자,
2463,금봉텐동,
2464,고봉민김밥인,
2465,통영충무김밥,
2466,서해해물칼국수,
2467,전주콩씨네콩나물국밥,
2468,삐아또,
2469,텀블러(Tumblr),
2470,골목돼지,
2471,사이간,
2472,보이는족족,
2473,해물사랑칼국수,
2474,미남양념,
2475,길라이브,
2476,회마루,
2477,닭치고먹자,
2478,엄마네,
2479,또래오래,
2480,미술관,
2481,목장화로구이,
2482,황해게장전문점,
2483,수라,
2484,블랙삼겹&찜닭,
2485,영마차집,
2486,놀란돼지,
2487,서브웨이인천논현역점,
2488,인터뷰,
2489,유로시안,
2490,88주점포차,
2491,다온회집,
2492,김가네추어탕,
2493,김밥전문공간얌얌,
2494,신푸드,
2495,필바든,
2496,자연의맛셀프식당,
2497,한돈암돼지전문점,
2498,죽이야기,
2499,부자 민물 매운탕,
2500,섹시한떡복이,
2501,반궁뉴코아인천점,
2502,테루뉴코아인천점,
2503,(주)할로떡볶이,
2504,육리지 인천구월본점,
2505,사이공콴(Sai gon quan),
2506,위드비어,
2507,구월포차,
2508,만식이네와인포차,
2509,99오리머리-양꼬치,
2510,육대장 구월점,
2511,취선루,
2512,명가갈비마당,
2513,콩심논현점,
2514,국제치킨앤바베큐,
2515,씨엔씨분식,
2516,담소사골순대 인천예술회관역점,
2517,카페홀리(CAFEHOLLY),
2518,81번옥,
2519,감탄떡볶이간석점,
2520,참치이야기,
2521,너나들이,
2522,밥향기한식,
2523,어쩌다김밥,
2524,착한식당,
2525,비담비,
2526,그냥갈수없잖아,
2527,봉튀김/봉식당,
2528,혜화동돈까스극장,
2529,백세곰탕,
2530,동방양꼬치,
2531,한계령(퓨전포차),
2532,불로만2마리치킨바베큐관교점,
2533,대박집,
2534,몽땅치킨,
2535,황식당,
2536,명랑핫도그(간석점),
2537,자매아구찜,
2538,어촌계장,
2539,쨍하고회뜰날,
2540,고바우통닭본점,
2541,서준이네생선구이,
2542,유로시안,
2543,행복식당,
2544,맘스터치,
2545,수철이네왕새우,
2546,천둥산박달재,
2547,함평촌놈갈비,
2548,식탐,
2549,내사랑내곁에,
2550,응급실국물떡볶이인천구월점,
2551,본토푸드(주)디씨제이,
2552,대박집,
2553,에스제이디자인호텔,
2554,톰보이(TOMBOY),
2555,터숯불갈비,
2556,"원할머니 보쌈,족발 인천시청점",
2557,화룽,
2558,북새통,
2559,죠스떡볶이,
2560,옥심국수,
2561,한결남원추어탕,
2562,스시웨이,
2563,꼴목,
2564,탕가네,
2565,정성식당,
2566,와우생삼겹,
2567,쏠로의만찬,
2568,보레브,
2569,장혁민의부대찌개,
2570,까망돼지,
2571,참치팜,
2572,모밀촌,
2573,부어치킨서창점,
2574,용천로166,
2575,구월동1379,
2576,대박식당,
2577,맥주인가비어,
2578,부어치킨,
2579,샤브홀리(구월동점),
2580,순천숯불구이,
2581,동대문엽기떡볶이,
2582,명성한식부페,
2583,만남주막골,
2584,닭발총각,
2585,논현무한장소,
2586,처갓집양념치킨 인천논현점,
2587,레드홀스,
2588,유경이네착한코다리,
2589,독도수산,
2590,황금어장,
2591,조마루감자탕,
2592,먹태집,
2593,꾼,
2594,빠시온빠시온,
2595,병천토속순대,
2596,육회공작소,
2597,신김밥천국,
2598,북경짜장2900,
2599,하루비어,
2600,홍두깨 칼국수와소머리국밥,
2601,크라운호프남촌점,
2602,유수밴댕이전문점,
2603,페리카나,
2604,논현코다리냉면,
2605,밀물포차,
2606,화가조개구이,
2607,바다나라,
2608,미스터쭝,
2609,진시황족발,
2610,뚱이네,
2611,돼지김치찌개,
2612,행복회포차,
2613,방방콕콕타이푸드,
2614,종로곱창,
2615,황금분식,
2616,원영,
2617,처음만난비카페,
2618,비스트로J,
2619,문차이,
2620,타코마스터,
2621,돈소식당구월점,
2622,즉떡,
2623,청춘아구알곤이찜,
2624,명태통,
2625,국수나무,
2626,차이홍,
2627,시애틀,
2628,러시아식당,
2629,깐부치킨인천논현점,
2630,장금수부대찌개남촌점,
2631,시점펄(SI JEMPOL),
2632,뚱초밥,
2633,한촌순대국,
2634,조선한우육감,
2635,명가통닭,
2636,잇츠(Eat`s),
2637,진참숯갈비,
2638,홍콩반점0410인천논현점,
2639,십삼대,
2640,운연각,
2641,맘스터치구월1점,
2642,서가앤쿡,
2643,베티스커피,
2644,돈까스빌리지(인천대공원점),
2645,싸미랑포트리스쌀국수,
2646,스티브오,
2647,복생삼겹살,
2648,경복궁싱싱회,
2649,동막골,
2650,용궁포차,
2651,신황고기집,
2652,지오피(GOP)공동경비구역,
2653,힐링라이브,
2654,김밥천국,
2655,김밥타운,
2656,모두랑,
2657,사랑이네김밥,
2658,푸라닭논현1호점,
2659,이모네,
2660,영동치킨,
2661,삼미삼겹스타즈,
2662,본초어죽,
2663,투다리(인주대로점),
2664,울엄마꼬마김밥,
2665,국화네맛집,
2666,나도포차,
2667,노랑통닭간석점,
2668,바지락칼국수,
2669,꼴목호구포점,
2670,논현스카이,
2671,감탄떡볶이(간석래미안점),
2672,원조부안집구월점,
2673,수유리우동집,
2674,김가네족발,
2675,육마니 본점,
2676,큰맘할매순대국(인천논현점),
2677,하오츠,
2678,할머니즉석떡복이,
2679,드류와인,
2680,장미막창,
2681,하남장돼지집인천구월길병원점,
2682,무진성식당,
2683,가마로강정구월점,
2684,양마니순대곱창본점,
2685,셀프회집,
2686,부안보신탕,
2687,시골분식,
2688,낭만에프앤비(F&B),
2689,미니부페,
2690,네네치킨앤봉구스밥버거 논현택지점,
2691,비에이치씨(BHC)서창점,
2692,소향,
2693,육봉달만수점,
2694,태양식당,
2695,대공원장수네,
2696,해부름한식,
2697,와플로아(Waffle loa),
2698,오남이네,
2699,공주보리밥,
2700,정자네포차,
2701,한식부페식당,
2702,통큰포차,
2703,맥땡,
2704,샤르망,
2705,청해진,
2706,고아담감자탕ㆍ매콤명태조림,
2707,청수옥,
2708,부어치킨,
2709,피엠푸드(구월점),
2710,우리해장국,
2711,보리네생고깃간,
2712,또봉이치킨,
2713,두재야감자탕,
2714,해랑포차,
2715,롱커피(LONG COFFEE)논현점,
2716,명문가,
2717,무지개손칼국수,
2718,본죽(인천서창2지구점),
2719,찜꾼,
2720,텐메이,
2721,논현황금장소,
2722,서울기사식당,
2723,써니,
2724,항아리필,
2725,그레이트피그미풀,
2726,리치,
2727,클라우드,
2728,파니노구스토,
2729,수정푸드,
2730,무한리필마포서서갈비만수점,
2731,커피에반하다,
2732,착한고기인천대공원점,
2733,장호덕손만두,
2734,철이네,
2735,윤서갈비,
2736,쇼트앤번치(Short&Bunch),
2737,더작은술집,
2738,간월도식당,
2739,패밀리고깃집,
2740,튀생튀사,
2741,백채김치찌개(서창점),
2742,일품홍두깨손칼국수,
2743,삐삐분식,
2744,민영식당,
2745,신선화로(도림점),
2746,정가네포차,
2747,아벨라,
2748,벌교포차,
2749,진땡이,
2750,고향포차,
2751,더돈생갈비(the돈생갈비),
2752,유신불족발,
2753,포트리스서창점,
2754,트윈스,
2755,촌돼지,
2756,꽃길뼈해장국,
2757,집나간옛날치킨,
2758,마리마리,
2759,우마이동,
2760,개성진찹쌀순대,
2761,치킨더홈 인천논현점,
2762,경희식당,
2763,호텔라트리,
2764,서정푸드(SJ FOOD),
2765,클랑,
2766,뿔발,
2767,두두포케,
2768,위시,
2769,크라운호프 인천시청점,
2770,아지트,
2771,김안에밥있다,
2772,도담치킨소래포구점,
2773,마약부대찌개,
2774,골목집연탄돼지갈비,
2775,맘스터치만수3지구점,
2776,개성진찹쌀순대,
2777,바보스바베큐치킨,
2778,건강밥상,
2779,숲바,
2780,까치기사식당,
2781,호월일가,
2782,미담,
2783,60계인천논현점,
2784,김밥천국,
2785,대찬인생회센터,
2786,비에이치씨(BHC)호구포점,
2787,피자와치킨의러브레터,
2788,팔딱수산,
2789,처갓집양념치킨(구월3점),
2790,팔당집,
2791,퍄오량,
2792,모심갈비,
2793,신백년의맛서서갈비,
2794,봉팔이짬뽕,
2795,신흥우동,
2796,교지나주곰탕,
2797,초담집,
2798,오떡만수점,
2799,홍참치,
2800,짜장마루,
2801,김밥천국,
2802,해뜨는포차,
2803,김밥나라,
2804,나무,
2805,도림맛갈비,
2806,브릭스,
2807,누이네,
2808,다복칼국수,
2809,푸른시절,
2810,불로만숯불바베큐구월1점,
2811,940매운갈비찜,
2812,잔치국수,
2813,제이푸드,
2814,풍년족발,
2815,송가네탐나는족발,
2816,눈맞은짝태앤노가리,
2817,브라더오뎅바,
2818,와썹펍,
2819,한라제주도야지,
2820,떡볶이참잘하는집 떡참 인천만수점,
2821,비어걸(BeerGirl),
2822,보카보카커피볶는집,
2823,넘버원(NO1)활어포장전문점,
2824,보물섬,
2825,아리아,
2826,속초집,
2827,천유향훠궈샤브샤브뷔페간석점,
2828,오오유키,
2829,동인천삼치,
2830,신통치킨,
2831,송추가마골 구월지점,
2832,인사동멸치국수,
2833,까망이네,
2834,오튀빠리,
2835,닭권브이토리300점,
2836,장군포차,
2837,동두천솥뚜껑삼겹살 인천구월점,
2838,소래옛날통닭,
2839,최셰프의숯불닭,
2840,구어보소 간석점,
2841,왕손맛,
2842,우리엄마꼬마김밥,
2843,호치킨 서창2지구점,
2844,짬뽕브라더스,
2845,88켄터키치킨,
2846,존슨부대찌개,
2847,해장국,
2848,승승장구,
2849,주문진망치,
2850,쉼터,
2851,금채가철판불백집,
2852,장호덕손만두,
2853,사백집서울대패인천구월점,
2854,영영,
2855,김밥나라,
2856,베이글,
2857,호호포차,
2858,음악창고 음과락,
2859,이가네족발,
2860,코다차야,
2861,참치마니아,
2862,예뿌닭,
2863,그레이드원커피,
2864,까망돼지(간석점),
2865,강남수제족발,
2866,팔리아치,
2867,캡틴(CAPTAIN)떡볶이,
2868,화덕집,
2869,금강민물장어직판장,
2870,청기와뼈다귀해장국(간석점),
2871,디디치킨간석점,
2872,까망,
2873,오늘은삼겹살&만두여행,
2874,장미김밥,
2875,비케이,
2876,김밥브라더스,
2877,동화,
2878,조마루감자탕,
2879,고봉민김밥인천길병원점,
2880,장미,
2881,가나안수제돈까스,
2882,포차천국 서창점,
2883,비에이치씨간석사거리점,
2884,일일치킨&피자,
2885,천년종가집,
2886,본스치킨,
2887,바다양푼이동태탕,
2888,강포차,
2889,맘스터치만수2호점,
2890,천상사천마라탕,
2891,피자샵남동점,
2892,59쌀피자(논현한화에코점),
2893,해몽,
2894,맛집신코다리네,
2895,홍두깨칼국수,
2896,장수한방보쌈.칼국수,
2897,김밥천국,
2898,서해전집,
2899,스시짱,
2900,교촌치킨논현에코메트로점,
2901,면당포(인천구월점),
2902,태리로제떡볶이&순살닭강정,
2903,먹태촌,
2904,곱창볶는아저씨,
2905,몬스터떡볶이&진진닭발,
2906,불스떡볶이,
2907,곤드레밥집,
2908,지연이네족발보쌈,
2909,정히,
2910,서인당 우육면,
2911,또봉이통닭장수점,
2912,소래호텔카카오,
2913,지금보고싶다,
2914,죠스떡볶이향촌휴먼시아점,
2915,홍대구루메&텐큐,
2916,불스푸드,
2917,오대산쭈꾸미볶음,
2918,정정아식당,
2919,산천신(辛)쭈꾸미,
2920,카페홀리데이,
2921,쭈꾸미도사,
2922,동해물과아구찜,
2923,느린우체통,
2924,맛나식당,
2925,청실홍실,
2926,호식이두마리치킨논현2호점,
2927,엄가네유부김밥,
2928,장터삼겹살,
2929,정자담한정식,
2930,홍보석,
2931,달팽이포차,
2932,멕시카나치킨,
2933,호구스남동점,
2934,산오징어물회,
2935,서창동냉면칼국수,
2936,전계능소고기따로국밥,
2937,김포한탄강,
2938,콩심 전주종가콩나물국밥 구월점,
2939,맛찬들왕소금구이(인천구월점),
2940,육쌈냉면,
2941,뽕달네참숯불닭갈비,
2942,킹콩부대찌개,
2943,독도왕새우튀김,
2944,가장맛있는족발,
2945,장수마을,
2946,차이차이,
2947,큰집밥상,
2948,푸드원,
2949,맘스터치간석만월산점,
2950,지랄닭발인천남동점,
2951,아트랑,
2952,엄마손식당,
2953,블루베리팜,
2954,떡볶이의품격,
2955,김밥전문공간얌얌,
2956,진멸치국수,
2957,불닭발땡초동대문엽기떡볶이서창점,
2958,학교앞떡볶이,
2959,추억의옛이야기,
2960,태희삼시세끼,
2961,한결옛통닭,
2962,훌랄라치킨카페,
2963,온김치찌개,
2964,곤드레가마솥추어탕,
2965,조마루감자탕,
2966,왕노가리호프,
2967,동행,
2968,담쓰수제도시락,
2969,홍명숙황해닭강정,
2970,산에들에,
2971,이와감자탕,
2972,아사가야,
2973,곱통령,
2974,평양면옥,
2975,김밥천국,
2976,스테이크일번가,
2977,맘스터치(간석점),
2978,봉빠네세계맥주전문점,
2979,교촌치킨서창점,
2980,왔다짬뽕,
2981,맘스터치만수역점,
2982,소울,
2983,소플러스논현점,
2984,김가네추어탕,
2985,고고즉석떡볶이구월점,
2986,만수순대국,
2987,삿뽀로구월점(주)엔타스,
2988,경복궁구월점(주)엔타스,
2989,비비큐치킨앤비어,
2990,백년갈비인천논현점,
2991,오리육개장,
2992,우리식당,
2993,성별에프터유,
2994,옥가마추어탕,
2995,이바돔감자탕조선화로집(소래시티점),
2996,치킨플러스인천논현1호점,
2997,노가리비어,
2998,일품식당,
2999,옛날전통육개장한방보쌈,
3000,찬우물농원,
3001,텐,
3002,소래산면옥,
3003,리얼키친,
3004,호치킨향촌휴먼시아점,
3005,59쌀피자(구월아시아드선수촌점),
3006,양꼬치땡기는날,
3007,배부장찌개가서창점,
3008,옛날통닭,
3009,간이역,
3010,외양간,
3011,굽네치킨서창지구점,
3012,미각,
3013,화포식당,
3014,삼시세끼회센타,
3015,카페65도씨인천시청점,
3016,물에빠진스파게티,
3017,북경,
3018,찐곱도리식당,
3019,칭칭차이나,
3020,마왕족발,
3021,골통닭강정&불닭발,
3022,만수본갈비,
3023,비에이치씨,
3024,부라보맥주호구포역점,
3025,할매순대국,
3026,사곶냉면,
3027,돈나라,
3028,포36거리구월직영점,
3029,제주고기국수,
3030,자돈심만수직영점,
3031,원조춘천숯불닭갈비,
3032,소반,
3033,커피앤더치,
3034,단골집2,
3035,8월의중식간석점,
3036,미남포차,
3037,퓨전포차길손,
3038,청기와감자탕,
3039,떡탕토핑떡볶이전문점,
3040,천지연소래포구점,
3041,생겹사리,
3042,영월애곤드레,
3043,왕포차,
3044,청수옥(선수촌점),
3045,김선하의닭갈비서창점,
3046,자연애,
3047,맘스터치관교점,
3048,칭칭차이나,
3049,존슨부대찌개,
3050,사랑방,
3051,장수식당,
3052,생돼지김치찌개,
3053,신기한닭,
3054,장모족발,
3055,정정아식당,
3056,하루,
3057,엠플레이스,
3058,전라도식당,
3059,본죽&비빔밥cafe 구월아시아드점,
3060,본죽길병원점,
3061,요기족이,
3062,달빛메밀,
3063,이문어세상,
3064,인천직화쭈꾸미,
3065,고구려짬뽕10101구월점,
3066,고봉민김밥인천구월동로데오점,
3067,맛깔김밥,
3068,히토리카레,
3069,커피벨트,
3070,두손메밀,
3071,락개그포차,
3072,발로만식당,
3073,백세한방백숙,
3074,국민소막창&냉삼,
3075,도레미숯불쌈갈비,
3076,연어마을서창점,
3077,반궁인천논현뉴코아점,
3078,논현풍천민물장어,
3079,테루뉴코아인천점,
3080,한방어머니손맛닭강정,
3081,화초밥,
3082,실내포차,
3083,박가네삼감포,
3084,빡치면돼지삼겹,
3085,탑골순대국남산돈까스,
3086,커피놀이터,
3087,왕가네식당,
3088,북창동순두부서창2지구점,
3089,엉터리꼬마김밥,
3090,막창(Zone),
3091,와따스시,
3092,순이네밥집,
3093,메가박스인천논현,
3094,카페아바,
3095,쉐프의부대찌개구월점,
3096,탐내는제주돈,
3097,열차포차,
3098,인생건어물 간석오거리역점,
3099,고기굽는풍경365,
3100,조마루감자탕(아시아드점),
3101,샹웨이,
3102,경아두마리치킨만수1호점,
3103,만추중화요리,
3104,바르다김선생인천논현점,
3105,아비꼬인천논현점,
3106,족발슈퍼인천간석점,
3107,나운순대,
3108,로얄자카르타구월동점,
3109,큰맘할매순대국,
3110,유로코피자(인천논현점),
3111,고봉민김밥인,
3112,호호꼬마김밥,
3113,장금수부대찌개,
3114,전주명가콩나물국밥,
3115,한돈집,
3116,꿔먹삼생고기&김치찌개,
3117,채선당플러스,
3118,녹수아구찜,
3119,화이트캐슬,
3120,조마루감자탕,
3121,공릉동멸치국수,
3122,회도시,
3123,수바(Bar),
3124,도담면옥,
3125,오빠(O'BAR),
3126,명태골,
3127,꿀마니닭강정,
3128,길이네생선구이,
3129,루브,
3130,꼬꼬불닭발호구포점,
3131,감자탕형제들,
3132,또와족,
3133,미미전집,
3134,죠스떡볶이인천논현점,
3135,토담옛날통닭 인천시청점,
3136,마더김밥앤스테이크,
3137,소와곱창,
3138,수산시장,
3139,앨리스라운지,
3140,라라코스트인천논현점,
3141,맛깔참죽간석오거리역점,
3142,옛골,
3143,장모족발간석점,
3144,토니돈부리,
3145,소담촌,
3146,나라식당,
3147,술꾼들의놀이터,
3148,마초쉐프,
3149,스카이,
3150,스카이레스토랑,
3151,사천마라닭발&마라오리,
3152,성진횟집,
3153,엠엔에스푸드(M&S),
3154,쭘마 즉석떡볶이,
3155,브라더(brother)튜나푸드(food),
3156,옛날손칼국수,
3157,짬뽕타임,
3158,한우장터,
3159,김밥브라더스,
3160,주문진곰치와명태,
3161,에이팀(A Team),
3162,밥스킹(BAB's KING),
3163,부라더목장,
3164,김밥킹인천예술회관점,
3165,황소야인천시청점,
3166,공원앞기사식당,
3167,바다품은왕코다리조림,
3168,모래내영양탕,
3169,포춘중화요리,
3170,"이젠치킨이닭,이젠왕돈까스",
3171,괜찮은횟집,
3172,국수나무,
3173,굴세상남인천점,
3174,청정구내식당,
3175,참숯생고기전문점,
3176,하노이,
3177,보담왕뽈데기,
3178,콩각시동태(호구포점),
3179,푸른바다참치,
3180,유노덮밥,
3181,선수촌김밥,
3182,돈담은두루치기,
3183,콩심만수점,
3184,봉이치킨구월점,
3185,파스타요(파스타YO),
3186,자담치킨향촌점,
3187,도시어부,
3188,이화수서창점,
3189,루외루,
3190,황제참치,
3191,폴로호텔,
3192,등대횟집,
3193,노가리치킨생맥주,
3194,칡한방도마족발,
3195,티끌모아카페,
3196,바라보다,
3197,은빛바다,
3198,임대표구월점,
3199,만금성,
3200,백년수갈비 만수점,
3201,노랑통닭구월점,
3202,땡구땡구,
3203,또와유서창지구점,
3204,뉴팔도회랑조개랑,
3205,(주)이에이코퍼레이션우사,
3206,(주)이에이코퍼레이션송도갈매기,
3207,일상다방사,
3208,화동옥,
3209,린,
3210,네네치킨앤봉구스밥버거 청아안점,
3211,팔팔풍천장어,
3212,치킨과바람피자,
3213,365활어회포장전문점,
3214,뮤즈,
3215,현이분식,
3216,두끼떡볶이인천논현점,
3217,키친콜라보인천논현점,
3218,서민밥상,
3219,꼬치핀날,
3220,낭만포차,
3221,걸작떡볶이,
3222,무지개,
3223,청년다방인천서창점,
3224,당신은파스타가먹고싶다,
3225,노블,
3226,통닭원5900만수시장점,
3227,광해,
3228,갈비대표,
3229,1970새마을포차 인천구월점,
3230,통닭원5900,
3231,마포화로집,
3232,훈(勳)참치,
3233,블루민,
3234,승진호선주집,
3235,순이네,
3236,인천개공원카페,
3237,최군맥주(인천시청점),
3238,88켄터키치킨,
3239,남양커피호프,
3240,리트커피(REET COFFEE),
3241,계동치킨,
3242,가가호호식당,
3243,고정관념,
3244,고김밥,
3245,수코미치(간석어울림점),
3246,명동마차,
3247,청수옥(수산동직영점),
3248,봉참치,
3249,블랙스테이크소래포구점,
3250,봉지네,
3251,낭만포차,
3252,서울멸치쌈밥,
3253,등대,
3254,버디,
3255,갈비다움만수점,
3256,그날의맥주,
3257,국수나무인천서창점,
3258,세자매,
3259,백채간석오거리역점,
3260,한잔어때,
3261,동대문닭한마리칼국수,
3262,옛날포차,
3263,추도령남원추어탕,
3264,백장미커피호프,
3265,콩각시동태,
3266,고릴라왕해물찜,
3267,꾸브라꼬숯불두마리치킨(논현점),
3268,엄마영양곰탕,
3269,필미앤필미(FILLME & FEELME),
3270,고래분식,
3271,궁전,
3272,대패가,
3273,유명하우돈까스,
3274,순이네생선구이,
3275,내린천추어탕,
3276,최인식황태고을,
3277,김쉐프포천갈비,
3278,쿠우쿠우논현점,
3279,장군참치초밥,
3280,호섭이네불닭발,
3281,용용선생구월점,
3282,더(THE)도톰,
3283,골드커피호프,
3284,정선장,
3285,투존치킨인천구월직영점,
3286,큰손식당,
3287,영인스시&싱싱활어,
3288,꽁비엣(congviet),
3289,홍가네전골,
3290,구월포차,
3291,스크린리얼야구장,
3292,금용식당,
3293,신전떡볶이,
3294,솔찬제주뒷고기,
3295,리얼하노이,
3296,짱아민물장어숯불구이전문점,
3297,달콤빠,
3298,소피블랑,
3299,차이차이,
3300,친구,
3301,프로양평해장국,
3302,오리지널시카고피자인천구월점,
3303,우리동네대통령,
3304,제주까망돼지,
3305,불철주야,
3306,뚱보집만수역점,
3307,우플러스,
3308,식연,
3309,수초밥,
3310,행복한집,
3311,토닥토닭,
3312,라운지바(Bar),
3313,쭈막,
3314,씨지브이(CGV)인천논현,
3315,소랑돼랑,
3316,타이타이스타일(THAI THAI STYLE),
3317,스뎅식당서창점,
3318,유가네알찬소곱창,
3319,생활맥주인천길병원점,
3320,개성진찹쌀순대,
3321,벌떡구월점,
3322,김씨솜씨,
3323,토마토김밥만수역점,
3324,김밥천국,
3325,월성839,
3326,청년고집,
3327,맘스터치간석역점,
3328,양지식당,
3329,조선화로집 서창점,
3330,이바돔감자탕(서창점),
3331,우담,
3332,좋은녀석들쫄면가,
3333,쿠켄치킨,
3334,비어박스(Beerbox),
3335,진천토종순대,
3336,콩심간석점,
3337,통닭애,
3338,구어먹는가게,
3339,신의주찹쌀순대,
3340,헌터스문인천논현점,
3341,요.밥,
3342,호세야오리바베큐,
3343,인싸이드(INSIDE),
3344,서창순대,
3345,황기순칼국수간석오거리점,
3346,미마인,
3347,참치이야기,
3348,토마토커피호프,
3349,지구라운지,
3350,양평칼국수만두,
3351,광주신안월미회집,
3352,엄마의밥상&포차,
3353,까스맨구월점,
3354,와이푸드,
3355,인도커리우드,
3356,소고기오빠,
3357,고봉민김밥인서창2지구점,
3358,오복순대국,
3359,등꽃,
3360,예당스시&샤브,
3361,만춘식당(호프),
3362,발로소주방,
3363,칭웨이,
3364,전설의참치,
3365,1980국밥집인천논현점,
3366,베티스커피,
3367,오엑스버거,
3368,한우리카페,
3369,용뽕,
3370,동강민물매운탕,
3371,동경차이나,
3372,옥이네분식,
3373,감성대패,
3374,왕의밥상뷔페,
3375,금화왕돈까스구월아시아드점,
3376,남동수라,
3377,엄마의부엌,
3378,리프(Riff),
3379,불로식당,
3380,달빛,
3381,지오푸드시스템,
3382,족발팩토리,
3383,파스쿠찌서창점,
3384,부침개맛집,
3385,필스너하우스인천시청점,
3386,동태생대구탕,
3387,얌샘김밥,
3388,육개장인,
3389,북한왕찹쌀순대집,
3390,신대해500원양꼬치,
3391,쿠킹딜라이트,
3392,이차돌서창점,
3393,곱다,
3394,신의주찹쌀순대,
3395,밥쟁이,
3396,요새,
3397,이경애명품어묵까페,
3398,명동쫄면,
3399,루미너스웨딩홀,
3400,불판시대,
3401,신의주찹쌀순대인천논현점,
3402,와이삼일(Y31),
3403,장혁민의부대찌개(구월아시아드점),
3404,양마니순대곱창(논현점),
3405,구어판다,
3406,원조큰맘할매순대국 호구포점,
3407,푸른바다찜탕,
3408,전씨술방,
3409,옛날통닭,
3410,지미관수타짬뽕,
3411,옛날집,
3412,동구생삼겹살,
3413,꾸꾸루꾸바베큐구월점,
3414,소담잔치국수,
3415,생생조개통,
3416,명인기사식당,
3417,착한쭝식동암점,
3418,금란교동짬뽕,
3419,두루두루옥희전,
3420,고기간무한리필,
3421,마니,
3422,경성식당,
3423,버거앤프라이즈만수3지구점,
3424,영일궁,
3425,논현,
3426,위키친,
3427,투다리,
3428,봉지네포차,
3429,삼청동멸치국수,
3430,달빛,
3431,한솥도시락 인천서창2지구점,
3432,수철이네왕새우튀김 서창점,
3433,황소푸드,
3434,장금수부대찌개,
3435,"우리,아지트",
3436,육도장,
3437,히토기라쿠,
3438,순천전통순대국,
3439,벙글,
3440,카페에이점(cafe a.),
3441,지코바양념치킨,
3442,바오밥,
3443,어시장,
3444,블루앤카페,
3445,언더독카페,
3446,황해바다,
3447,별삼겹,
3448,양평해장국,
3449,항방양육관 양꼬치전문점,
3450,명가설렁탕육개장,
3451,청년다방,
3452,엄마손맛,
3453,발로만식당 2호점,
3454,유캔두잇,
3455,인더스파크포린마트,
3456,숯불에닭,
3457,본도시락 인천구월점,
3458,엘리팝인천구월점,
3459,한촌설렁탕,
3460,구월식당,
3461,밥사,
3462,삥포차(bbing),
3463,소래올갱이해장국,
3464,브루헤이븐,
3465,지코바 간석1호점,
3466,청담추어탕,
3467,자연밥상,
3468,빨간장화무한막회,
3469,109신고바우옛날통닭,
3470,공희네우렁쌈밥,
3471,나무와기린,
3472,피자나라치킨공주서창점,
3473,쿠우쿠우(구월동점),
3474,백암토속순대,
3475,신의주순대와쭈꾸미(논고개로점),
3476,불백어게인(again),
3477,오페라빈,
3478,인생고기,
3479,땡큐꼬마김밥,
3480,선희생선구이,
3481,한신포차인천논현역점,
3482,미락육회막국수,
3483,발로만 3호점,
3484,비담비,
3485,홍굴이중화포차,
3486,판도라,
3487,소라네갈비집,
3488,"치호포(치킨,호프,포차)",
3489,갓포주한상,
3490,사쿠라스시,
3491,큰맘할매순대국간석오거리점,
3492,위드커피(withcoffee),
3493,러브스토리,
3494,스트라이크죤인천논현점,
3495,가마솥뚜껑생삼겹,
3496,목포댁,
3497,럭키호프,
3498,프라임푸드,
3499,인생식당,
3500,불타는명태조림,
3501,칼리가리브루잉,
3502,금이네,
3503,궁전,
3504,금참치,
3505,율교,
3506,계경순대국구월점,
3507,생생참치,
3508,멜팅룸,
3509,CoffeeLu(커피루),
3510,역전할머니맥주,
3511,썸퓨전포차(썸포차),
3512,제주돗야지해초쌈논현점,
3513,니뽕내뽕뉴코아아울렛인천논현점,
3514,정선여행,
3515,기억커피,
3516,뽁끼오,
3517,카페 디아커피,
3518,숯불집,
3519,병천토속순대,
3520,카툰다방,
3521,비비큐(BBQ)만수점,
3522,쭈꾸미일당백로데오점,
3523,명동찌개마을,
3524,비빔밥&김밥,
3525,명객양꼬치,
3526,한술,
3527,보릿고개,
3528,먹깨비,
3529,휘게(hygge)101,
3530,정다함돈가스,
3531,진우심가,
3532,연어로만구월점,
3533,선식당(논현점),
3534,크라운호프간석역점,
3535,섬마을,
3536,기절족풍족발보쌈,
3537,장터순대국,
3538,용궁보리밥,
3539,BHC서창2지구점,
3540,돈수백구월점,
3541,대천부양꼬치서창점,
3542,수라상식당,
3543,전주숯불고기갈비탕,
3544,태백한우,
3545,미소야서창점,
3546,김준호의대단한갈비,
3547,60계치킨(구월점),
3548,황해수육구월로데오점,
3549,백년산더미&불고기본점,
3550,원양평해장국,
3551,올빼미브루펍,
3552,빵택이닭강정,
3553,황소갈비,
3554,정든밤,
3555,본가산성냉면전문점소고기국밥,
3556,미투,
3557,로바타칸지구월점,
3558,도시락,
3559,신(新)경성김밥,
3560,자담치킨(논현점),
3561,멜로우카페(mellow),
3562,필스너하우스선수촌공원점,
3563,리주방,
3564,전주시골순대국,
3565,아시아드비어(ASIAD BEER),
3566,학운정,
3567,한성축산,
3568,진진차이나,
3569,매력토끼의스윗커피,
3570,금메달추어탕,
3571,동춘돌곱창 간석점,
3572,백두식당,
3573,혼삼,
3574,몽땅푸드,
3575,비엔나커피하우스구월테크노밸리점,
3576,차이나쿡,
3577,해물제작소,
3578,홈허그타이식당,
3579,이비가짬뽕(인천대공원점),
3580,얌샘김밥(서창점),
3581,손군부대찌개,
3582,제주부리는돼지,
3583,호구포주먹고기,
3584,치킨플러스간석1동점,
3585,김밥천국서창2호점,
3586,큰집밥상,
3587,육쌈냉면,
3588,와플칸,
3589,오모가리,
3590,도른닭,
3591,순남시래기인천시청점,
3592,청춘포차,
3593,카페나들,
3594,회포장하는집,
3595,호텔반월,
3596,더스트릿커피,
3597,신김밥천국,
3598,북촌손만두뉴코아아울렛인천논현점,
3599,존케이지빌리어즈,
3600,전라도밥상어촌마을,
3601,명동찌개밥상,
3602,구정한우갈비,
3603,맨하탄,
3604,까망김밥,
3605,뽀빠이커피(Popeye Coffee),
3606,소담,
3607,문카페,
3608,카페그믐달,
3609,황가네김밥,
3610,라스커피,
3611,형제들감자탕(만수점),
3612,포차어게인&마왕찜닭&선유곱,
3613,커피공방느루,
3614,뉴욕야시장서창신도시점,
3615,도시까스 돈까스,
3616,가마솥아바이순대,
3617,대지식당,
3618,미취닭,
3619,소래포구해남수산,
3620,육시리인천시청점,
3621,버거앤프라이즈(논현점),
3622,경아두마리치킨,
3623,청킹객잔,
3624,배달한끼남동점,
3625,쉬즈,
3626,집밥에꽂히다,
3627,용현화로닭발,
3628,해중루,
3629,오븐마루만수점,
3630,고릴라키친크루(kitchen crew),
3631,미소로,
3632,불향쭈꾸미인천점,
3633,알베로테라,
3634,주문진붉은대게무한리필,
3635,유네김치찌개전문점,
3636,장미인참치스시,
3637,싱싱회센타,
3638,콤비커피로스터스,
3639,발렌타인,
3640,팔도포차,
3641,훈장골서창점,
3642,청년다방,
3643,해신활패짬뽕,
3644,돈가원,
3645,청해횟집,
3646,소래삼겹살순대국,
3647,투다리(서창점),
3648,정커피호프,
3649,인생건어물,
3650,인생김치찜,
3651,후라이드참잘하는집,
3652,심야식당,
3653,대신,
3654,소뼈갈비탕&냉면,
3655,또봉이통닭서창2지구점,
3656,늘솜당,
3657,키친테이블다락,
3658,청춘,
3659,더그리드구월아시아드점,
3660,스시청,
3661,맷돌로만,
3662,토부리,
3663,33떡볶이인천논현점,
3664,카페쏘로제,
3665,와동화로구이구월점,
3666,어반412(Urban412),
3667,마라민족(구월본점),
3668,말앤북스,
3669,어부이야기,
3670,그리너,
3671,동인식당,
3672,고래감자탕호구포역점,
3673,피자마루,
3674,현덕식탁,
3675,정가네집밥,
3676,키무카츠간석,
3677,한옥마을전주비빔밥간석점,
3678,마샘,
3679,비스트로카페,
3680,혜니네디저트,
3681,홍리마라탕,
3682,광장꼬치꼬치,
3683,리얼푸드,
3684,만정가마솥족탕,
3685,카마타케제면소,
3686,산향,
3687,예산수산,
3688,루,
3689,꾸으니,
3690,고기의신대감,
3691,지산골밥상,
3692,가인,
3693,주문진바다집,
3694,다정다감한식뷔페,
3695,최춘란생선구이,
3696,원래는치킨집을할려고했었다,
3697,청춘포차2,
3698,수누리감자탕인천시청점,
3699,약산포장마차,
3700,월롱찌개,
3701,쿠시진,
3702,한중자매마라탕,
3703,노랑통닭(인천서창점),
3704,식솔,
3705,평안식당,
3706,일품양꼬치,
3707,두꺼비로맨스,
3708,보다브라세리,
3709,익선,
3710,경양식소나무 2호점,
3711,구정한우갈비,
3712,스시사쿠(구월점),
3713,소래산멕시카나닭강정,
3714,고래식당구월점,
3715,배달삼겹직구삼간석점,
3716,버거네오,
3717,춘천본가닭갈비,
3718,오모가리삼겹살,
3719,정성호피자카페,
3720,밥집이야포차야,
3721,33떡볶이구월점,
3722,낭만소곱창앤낙곱새,
3723,오봉산능이백숙,
3724,위하여,
3725,페리카나에코점,
3726,돌배기집서창점,
3727,청춘,
3728,혜화동돈까스극장,
3729,청평찹쌀순대,
3730,백년불고기구월로데오점,
3731,싱싱포차,
3732,웰빙밀밭,
3733,광짬뽕,
3734,청국장과순두부전,
3735,길테이블,
3736,시크릿,
3737,본심개성만두,
3738,제주꽃돈144,
3739,돈채,
3740,팔팔루,
3741,사랑방식당,
3742,메트로락볼링,
3743,하루커피ㆍ비어,
3744,넘버에잇탭하우스(No.8 Tap House),
3745,선식당인천구월점,
3746,마쉐앙팡키즈카페,
3747,피자알볼로서창점,
3748,청년피자인천논현점,
3749,깡순이,
3750,고래감자탕(소래포구역점),
3751,참조은고기,
3752,한우가,
3753,아비꼬인천구월점,
3754,전라도세자매식당,
3755,삼색옥,
3756,강뼈,
3757,담담,
3758,보드스테이지,
3759,차우마인천논현점,
3760,경희궁수라간,
3761,로어스(Rawers),
3762,라무진인천구월점,
3763,카사블랑카,
3764,꼬맹이김밥,
3765,아카이브,
3766,치킨마루구월3동점,
3767,미미치킨&포차,
3768,칠성포차,
3769,동감,
3770,온종일,
3771,다다짬뽕,
3772,엉클인더키친구월점,
3773,고향맛집,
3774,투다리아시아드점,
3775,멸치국수풍미가본점,
3776,이모네밥상,
3777,사조참치,
3778,서산집,
3779,꽁푸반점,
3780,큰집닭강정,
3781,수,
3782,오성순대곱창볶음,
3783,이모돌솥추어탕,
3784,대동장황궁쟁반짜장,
3785,마당,
3786,힐링포차,
3787,배반장,
3788,아페리온스넥치킨,
3789,스시모꼬지,
3790,삼시세끼,
3791,주니카페,
3792,카우카무,
3793,술푸게하는술집,
3794,오롯이,
3795,블루체어(BLUE CHAIR),
3796,존슨부대찌개,
3797,투다리(메디타워점),
3798,윤군카페남동점,
3799,열정분식소남동점,
3800,욕망의곱창,
3801,황홀스레,
3802,찜돈,
3803,김영찬부대찌개,
3804,연우스테이크,
3805,백채소래포구점,
3806,365간장게장,
3807,홍콩반점0410인천서창점,
3808,인연커피호프,
3809,홍대돈부리,
3810,태영골프존,
3811,육대장논현점,
3812,카페아도(addo),
3813,청년다방인천구월점,
3814,도쿄이찌바NC구월점,
3815,몽실이비어,
3816,예술곱창,
3817,산고을,
3818,코코이찌방야뉴코아아울렛인천점,
3819,미스사이공인천시청점,
3820,고씨부엌,
3821,경성함바그,
3822,여기어때,
3823,백년갈비인천구월점,
3824,한마루감자탕,
3825,JVL부대찌개뉴코아인천점,
3826,홍대쌀국수,
3827,포레스트(FOR REST),
3828,장수촌,
3829,포트리스베트남쌀국수(논현점),
3830,마린보이동태찜,
3831,낭만에대하여,
3832,오부장치킨,
3833,나꿈세,
3834,진미(珍味)양꼬치,
3835,깡닭발,
3836,육감만족,
3837,싱싱막회,
3838,신복관구월점,
3839,자돈심,
3840,카페머그,
3841,바른,
3842,만남포차,
3843,우포차,
3844,배달삼겹돼지되지논현점,
3845,겐키라멘,
3846,갈비씨,
3847,브라운킹콩,
3848,오관왕수제돈까스전문점,
3849,3일국밥뉴코아아울렛인천점,
3850,바로푸드,
3851,킹스크랩,
3852,후카페,
3853,노랑통닭인천논현점,
3854,비어105,
3855,멕시카나치킨,
3856,로제,
3857,"속초연성냉면,고기집",
3858,민물나라,
3859,가마솥김밥,
3860,일미아구명태,
3861,청수옥(구월점),
3862,유네김치찌개전문점,
3863,보스트치킨(boast),
3864,마든,
3865,쏠레비어JK,
3866,행복한맛집,
3867,일소일배,
3868,대청화,
3869,후라이드참잘하는집논현점,
3870,동래파전,
3871,참수제화덕버거,
3872,이웃사촌,
3873,가즈아배틀보드게임,
3874,고래감자탕구월아시아드점,
3875,더그리드서창지구점,
3876,하르방,
3877,와규몽,
3878,지랄팩토리(인천시청점),
3879,오미당칼국수,
3880,마실이자카야,
3881,원푸드,
3882,9747스몰비어하우스(Small Beer House),
3883,청정,
3884,모밀지기,
3885,아마존호프,
3886,연안식당구월점,
3887,이모네,
3888,역전할머니맥주구월아시아드점,
3889,보스참치인천남동구점,
3890,참이슬,
3891,새롬앤카페(SAEROM n CAFE),
3892,돈면,
3893,엄마손한식부페,
3894,이름없는호프,
3895,가회동샤브칼국수,
3896,맛을그리다오상미(간석직영점),
3897,마녀김밥,
3898,두찜 인천구월점,
3899,행복한끼,
3900,오드모어(odmor),
3901,공수가든,
3902,카페윈드,
3903,점프시티,
3904,오태식해바라기치킨,
3905,알비디,
3906,송도불향쭈꾸미,
3907,에바다떡볶이,
3908,곱창세상,
3909,그랜드팰리스호텔,
3910,웅이아버지포차앤야식,
3911,송이분식,
3912,킨지인천논현점,
3913,제이비패밀리F&B,
3914,통닭원(元)5900,
3915,족발야시장,
3916,느슨,
3917,미광소머리국밥,
3918,김밥천국,
3919,화이트캐슬구월점,
3920,육회백,
3921,신참떡볶이인천만수점,
3922,깜꼬치킨,
3923,인어공주생일상횟집,
3924,착한분식,
3925,통큰칼국수,
3926,두끼,
3927,청년다방구월아시아드점,
3928,차담정,
3929,만나당,
3930,탕화쿵푸,
3931,프레리키즈카페인천논현더타워점,
3932,짝태시대(서창점),
3933,스시정,
3934,청년피자서창점,
3935,BHC만수동점,
3936,인근주민구월,
3937,김가네춘회부대찌개,
3938,논현문갈비,
3939,족발신선생,
3940,문그루브(moongroove),
3941,추억의포차,
3942,텐노미,
3943,하이바(HIBAR),
3944,오고가네,
3945,건강밥상심마니구월점,
3946,프리미엄옛날통닭,
3947,잇쇼,
3948,포36거리구월아시아드점,
3949,인마이커피(in my coffee),
3950,등대막회,
3951,참치상점,
3952,옛날통닭,
3953,해빙,
3954,이슬포차,
3955,붐비어,
3956,미스터빠삭,
3957,중화객잔,
3958,영지숯불갈비,
3959,비너스(Venus),
3960,푸라닭인천시청점,
3961,카페인,
3962,땡기내명태소갈비,
3963,부산그리고밤바다,
3964,로데오,
3965,성오리주물럭,
3966,달쫀구월아시아드점,
3967,칭따오양꼬치,
3968,황금식당,
3969,카페100번가,
3970,KFC인천논현점,
3971,마라민족,
3972,구피,
3973,미니네떡볶이,
3974,호호맥주집,
3975,옳다구월점,
3976,가이아의정원,
3977,석모도밴댕이회,
3978,업텐브로피자36호점,
3979,용호동낙지인천논현점,
3980,퀸,
3981,건대치킨(만수점),
3982,무진장숯불꼼장어구이,
3983,우리들의밥상,
3984,문가네생고기부대찌개,
3985,더블에프,
3986,용호동낙지구월아시아드점,
3987,찐짱밥상,
3988,크라운호프서창2지구점,
3989,카페밸리,
3990,역전할머니맥주(서창점),
3991,통영뱃머리충무김밥,
3992,코코(COCO),
3993,시골식당,
3994,귀신곱창,
3995,코코브루,
3996,정가네곱떡구월점,
3997,구월리분식,
3998,대한냉면고기친구,
3999,낭만치맥(구월아시아드점),
4000,구월리,
4001,황소갈비,
4002,우리동네맛코,
4003,정정아식당(구월아시아드점),
4004,주식회사노닐다,
4005,노리파크(서창지구점),
4006,옛날집,
4007,만선구월로데오점,
4008,대포통닭 인천논현점,
4009,빈체로,
4010,삼지창,
4011,모자익,
4012,바른치킨구월점,
4013,와이커피(y-coffee),
4014,미나호프,
4015,네츄럴웨이브,
4016,우리식당,
4017,춘천식당,
4018,강차이,
4019,훈이네,
4020,한잔비어,
4021,명품차이나,
4022,원할머니보쌈,
4023,육이오호프주점,
4024,응급실국물떡볶이인천서창점,
4025,아이노보루,
4026,"옛날통닭,쭈아통치킨(간석점)",
4027,"중국전통마라탕,마라향궈",
4028,놀부부대찌개인천논현NC점,
4029,지니푸드,
4030,장수진사골해장국,
4031,부자밥상,
4032,욱호프,
4033,미친포차,
4034,서해인천국밥,
4035,이태리소년,
4036,일만족발,
4037,오늘의돈까스,
4038,노가리엔비어,
4039,국수랑막걸리랑,
4040,엉큰이찌개닭볶음탕,
4041,아라한생고기,
4042,이모네맛집,
4043,화레무구월아시아드점,
4044,치킨선생인천구월점,
4045,대마족발,
4046,국민짜장,
4047,옛날종로빈대떡,
4048,어프레시,
4049,착한소곱창,
4050,낭만삼겹살,
4051,야타이,
4052,미미카츠,
4053,카페집사,
4054,대공원콩비지파전,
4055,아레서난치킨,
4056,금화왕돈까스구월점,
4057,러스티더스티,
4058,순수치킨인천논현점,
4059,노미야,
4060,오늘은,
4061,전시회,
4062,흥부정육식당,
4063,낭만포차,
4064,삼거리집,
4065,히까리켄,
4066,배불리떡볶이,
4067,걸작떡볶이간석점,
4068,전설갈비(소래포구점),
4069,리마인드카페,
4070,소래는우리땅,
4071,정문갈비,
4072,랭삼,
4073,김영화부대찌개&닭볶음탕,
4074,싱싱수산,
4075,길동우동길병원점,
4076,꽃게명가,
4077,본도시락서창점,
4078,연꽃까페,
4079,날다리찜(백숙),
4080,하늘마루,
4081,스시민,
4082,북앤빅뱅만수점,
4083,로다미르아띠,
4084,왕대박집,
4085,진칼국수,
4086,남자피자인천논현점,
4087,오떡논현점,
4088,맵도리탕인천논현점,
4089,본차이나,
4090,낭만포차,
4091,일리터카페&바인천구월점,
4092,쉐프하우스,
4093,오삼오리,
4094,고&참김밥,
4095,땡초우동인(in)포차,
4096,트리플(triple),
4097,태영생막창,
4098,엄마손칼국수,
4099,썸모어,
4100,카페휴고(cafehugo),
4101,이자카야 단미,
4102,카페바라코cafe Ba.La.Co,
4103,춘보네돼지국밥엔수제돈까스,
4104,부어치킨 관교점,
4105,경성어묵치킨,
4106,몽마르조,
4107,최고의밥상,
4108,크라운호프아시아드점,
4109,은수네,
4110,올데이커피,
4111,만식이네와인포차구월아시아드점,
4112,에그드랍,
4113,제주뒷고기,
4114,토탈카페,
4115,삐그덕,
4116,오늘은요거트,
4117,식구,
4118,라 토스타도르,
4119,포차천국,
4120,누나홀닭,
4121,황해수육,
4122,홈즈앤루팡,
4123,작은식당우,
4124,체리호프,
4125,별난회초밥,
4126,요기양양,
4127,태영생막창,
4128,장원닭갈비,
4129,황해양념,
4130,삼화리,
4131,고깃느루,
4132,정선장라이브,
4133,금수레한정식,
4134,마주로피자,
4135,후키친앤코,
4136,훈이네 김밥,
4137,시나본인천논현점,
4138,브런치카페37.5익스프레스,
4139,장호덕손만두,
4140,9공수카페,
4141,수아네아구찜&낙지,
4142,원할머니보쌈족발인천서창배달점,
4143,카페당,
4144,개성만두,
4145,도마족발보쌈,
4146,청경해,
4147,금강식당,
4148,라화쿵부인천논현점,
4149,한영각,
4150,프리지아,
4151,김밥천국남동공단점,
4152,샐러둡,
4153,만식이네와인포차구월로데오점,
4154,봉순게장,
4155,배터지는게장,
4156,우럼마왕만두,
4157,헝그리브라더스,
4158,카페인중독간석점,
4159,푸드센터인천논현점,
4160,마당황토불가마,
4161,바다양푼이동태탕,
4162,통큰해물소래본점,
4163,웅이네오돌뼈(논현점),
4164,본전커피호프,
4165,호텔진,
4166,오전오후(AMPM),
4167,사계절포장마차,
4168,삼첩분식,
4169,60계치킨인천서창,
4170,달달한끼,
4171,문학골찹쌀순대,
4172,국수호랭이,
4173,향단이네주막,
4174,카페힐로,
4175,그늘집,
4176,한국전,
4177,밥카페한식뷔페,
4178,매콤상회,
4179,피엔차(PIENZA),
4180,처갓집양념치킨모래내시장점,
4181,오이삼계탕인천서창점,
4182,크래프트한스,
4183,오산조은참치인천논현점,
4184,카페베이,
4185,세렌티,
4186,김가손맛,
4187,대왕통닭,
4188,태영생막창,
4189,카페파르,
4190,곱창광 논현점,
4191,인생김밥,
4192,새집해물칼국수,
4193,라헬의부엌구월,
4194,백팔십도씨(180℃),
4195,카페바오,
4196,한끼푸드,
4197,기라성,
4198,왔다짬뽕,
4199,생고기랜드,
4200,보드람치킨구월점,
4201,예니네,
4202,씨에스푸드,
4203,알콩달콩얌얌 인천논현점,
4204,곱창선수,
4205,가프노주점,
4206,신복관구월아시아드점,
4207,푸라닭치킨 간석1호점,
4208,황소갈비(소래포구점),
4209,빌라인아파트,
4210,주문진대왕조개전골,
4211,옐로우피자 간석구월점,
4212,처갓집양념치킨 인천논현2점,
4213,티엔(Tien),
4214,통큰어부,
4215,조개야놀자,
4216,알콩달콩얌얌이유식서창점,
4217,밤상,
4218,함가네푸드,
4219,수상한오징어,
4220,죽이야기만수점,
4221,인정국물떡볶이,
4222,고긷찝,
4223,국물집,
4224,순남수산,
4225,쌈빠닭강정,
4226,밤스족발남동점,
4227,올바른닭강정,
4228,더마이치킨,
4229,마왕족발,
4230,엠알에스(MRS),
4231,야구왕(王)치킨떡 구월점,
4232,만리성,
4233,찡구,
4234,오케이(OK)당구장,
4235,양쉐프양구이,
4236,보승회관인천구월점,
4237,이포육,
4238,미스터보쌈&스탠딩스테이크,
4239,아날로그(Analog),
4240,라운드포인트,
4241,왕천파닭,
4242,아이러브떡볶이,
4243,꽃찬찜닭인천CGV점,
4244,담소,
4245,이박,
4246,주안모밀만두우동전문점,
4247,+82정가네,
4248,펀비어킹,
4249,일백집서울포차구월점,
4250,황소곱창,
4251,타이스푼,
4252,배부장네,
4253,생각나는김밥,
4254,닭봉씨,
4255,국밥대장,
4256,꼬치다,
4257,기봉이김밥,
4258,허가네,
4259,청년다방(만수점),
4260,유부남(논현점),
4261,김순례닭강정,
4262,소문난밥상구월점,
4263,천이재감자탕,
4264,맛깔참죽인천서창2지구점,
4265,유럽카페,
4266,50여년은둔맛내림집칼국수,
4267,제이라이킷,
4268,위드위치,
4269,차돌풍(서창점),
4270,햇살국수,
4271,팬더차이나(Pan the 차이나),
4272,뿔발,
4273,올레국수,
4274,신화로닭발,
4275,크라운호프 호구포역점,
4276,커피시인,
4277,한족쉐프의맛닌하오,
4278,목포마차,
4279,갈레토,
4280,북촌손만두인천서창점,
4281,아쿠아가든인천점,
4282,홍춘천치즈닭갈비,
4283,이름없는술집,
4284,백년토종삼계탕,
4285,달빛라운지,
4286,한성국밥,
4287,유수흑염소추어탕전문점,
4288,생생식당,
4289,두끼떡볶이인천구월점,
4290,지수네,
4291,"카페, 다올",
4292,영구스까사맘피자 만수점,
4293,북창동순두부 인천논현점,
4294,바닐라라운지,
4295,두찜 인천간석1호점,
4296,아빠는요리사,
4297,신선화로(인천시청점),
4298,꼬레랑옛날통닭(구월점),
4299,더보물섬,
4300,일일반상,
4301,쁘띠몽드 인천서창점,
4302,뒹굴뒹굴,
4303,윤가네식당,
4304,미주월,
4305,블랙라벨,
4306,리얼펍,
4307,고향모밀촌,
4308,론드엣론드(ROND ET ROND),
4309,이진만산참치테이크아웃구월점,
4310,수제사골만두국,
4311,소양강민물장어,
4312,쏘핫,
4313,춘향이와이도령,
4314,황금순두부,
4315,복만두분식,
4316,빨간냄비즉석떡볶이,
4317,다르다김밥주먹밥,
4318,서당골토종순대국,
4319,"카페, 샾(#)",
4320,24시남도콩나물국밥,
4321,맛있는집,
4322,선가의정부부대찌개,
4323,아지트치킨호프,
4324,허브나무,
4325,60계치킨간석점,
4326,바다품은회무침,
4327,진바베큐,
4328,소쟁기설렁탕,
4329,불타는화로닭발,
4330,정성어린푸드,
4331,카츠야미,
4332,다이꼬지,
4333,호수꼬치(간석점),
4334,쭈돈,
4335,마켓올닭서창점,
4336,황제갈비살소래직영점,
4337,막이오름인천구월점,
4338,한끼식사,
4339,나나부페,
4340,회플러스,
4341,어기어차,
4342,공삼이(032)닭강정,
4343,행복한식당,
4344,봄봄,
4345,진주닭강정,
4346,제주흑도야지구월동맛집,
4347,미나호프,
4348,오늘,
4349,족발야시장구월점,
4350,옥키네먹거리포차,
4351,케이엠지엠인천만수점,
4352,인천스피릿(Spirit),
4353,(주)봄스,
4354,씨지브이인천14 6층매점,
4355,김정호동태찌개,
4356,비하인드도어,
4357,강쇠네 뻘떡장어,
4358,오늘은,
4359,라화쿵부,
4360,노웨어벗히어(Nowhere But Here),
4361,92찌개100반,
4362,새마을식당 만수향촌점,
4363,치킨플러스(인천서창점),
4364,온도차,
4365,파스쿠찌 소래포구점,
4366,착한돼지,
4367,커피하우스,
4368,오늘그대와,
4369,미스터피자 인천논현점,
4370,호수,
4371,오스시미락쿠,
4372,마포갈매기 호구포역점,
4373,어식명가 소풍,
4374,신토불이,
4375,은행골,
4376,그라운드유아스포츠카페,
4377,건륭산시도삭면,
4378,삼성에프에스(F/S)푸드,
4379,백세설렁탕,
4380,감탄떡볶이(간석점),
4381,테트리스찜닭구월점,
4382,굴다리복집,
4383,오대감숯불갈비 논현에코점,
4384,고기듬뿍대왕비빔밥만수점,
4385,콩심향촌점,
4386,도시밥상,
4387,까사플레이트(CASA PLATE),
4388,홍자네분식,
4389,브라더스푸드,
4390,골드호프,
4391,인생건어물,
4392,찡오랑,
4393,로뎀나무,
4394,마크로스터스,
4395,예린당,
4396,라공방구월점,
4397,스시쥰,
4398,사랑방손님,
4399,정성김밥,
4400,북촌손만두 홈플러스간석점,
4401,샤브정 홈플러스간석점,
4402,주인의주방,
4403,포포라노서창점,
4404,청춘짬뽕,
4405,골든클럽,
4406,착한피자,
4407,행복한기사식당,
4408,시카고라운지소래포구점,
4409,왕빈자전통주막서창점,
4410,케이엠지엠(KMGM)구월점,
4411,브롱스 호구포역점,
4412,간석누룽지떡볶이,
4413,천향오구월점,
4414,신의주찹쌀순대,
4415,원조부안집만수점,
4416,류길상피자,
4417,착한낙지,
4418,밥장인,
4419,제이에이,
4420,미쳐버린파닭,
4421,온누리한식부페,
4422,엄마손꼬마김밥,
4423,아라지트,
4424,자매테이블,
4425,대포통닭 모래내시장역점,
4426,신포우리만두 인천논현점,
4427,옥수수 화로,
4428,춘천전통닭갈비,
4429,미풍식당,
4430,마크커피로스터스,
4431,닥닥후라이드,
4432,우리집한식뷔페,
4433,걸작떡볶이/치킨 인천논현점,
4434,마수리,
4435,두찜 인천논현점,
4436,성난곱창,
4437,다온,
4438,구월델루나,
4439,소래연탄집,
4440,영심이호프,
4441,누나홀닭인천구월점,
4442,너랑나랑,
4443,황소반점,
4444,너참맛있다,
4445,타코스타,
4446,피자어셈블(남동구점),
4447,족발야시장인천서창점,
4448,해와달,
4449,오행식당,
4450,다정이네,
4451,니하오훠꿔양꼬치전문,
4452,간월도,
4453,엄마네밥상한식뷔페,
4454,설이랑만두찐빵,
4455,라이브홀릭,
4456,크라운호프인천모래내점,
4457,점핑플러스,
4458,모래내닭고기마트앤더(THE)달달,
4459,매일싱싱횟집,
4460,아페리온사우나식당,
4461,놀부네샤브샤브칼국수,
4462,나는돈까스다,
4463,나인식당,
4464,배달짜글오짜글 논현점,
4465,영구스까사맘피자 논현점,
4466,도깨비조개구이,
4467,최인식황태고을,
4468,양푼김선생,
4469,건강밥상심마니 인천논현점,
4470,양천골흑염소요리전문점,
4471,아란푸드,
4472,멍크릿가든,
4473,날거,
4474,인하찹쌀순대(서창점),
4475,도우라이크피자 인천논현점,
4476,라이더수산,
4477,123왕만두,
4478,구월장어수산,
4479,동궁찜닭 서창점,
4480,명륜진사갈비 간석점,
4481,하하쭈꾸미,
4482,옛날국수,
4483,멕시카나치킨인천시청점,
4484,세상의모든튀김,
4485,명륜진사갈비인천논현점,
4486,일당백본점,
4487,무공돈까스구월로데오점,
4488,구공공방,
4489,오륙도,
4490,장바(長BAR),
4491,파티룸소담,
4492,명품전집,
4493,촨라삼국,
4494,말짜네집밥,
4495,델리커리인천논현점,
4496,박가네설렁탕양평해장국,
4497,에이치빠(H),
4498,1인일계양득,
4499,케이엠지엠바 썸,
4500,이십일(20일),
4501,별난만두,
4502,모바면가,
4503,서창어시장,
4504,곱도리닭도리모이계,
4505,큰맘할매순대국(모래내지점),
4506,케이제이푸드,
4507,"홍당인하불뼈찜,감자탕",
4508,소소한쌈 뉴코아인천논현점,
4509,흥부찜닭&삼겹본능&공수간 인천구월점,
4510,모래내과자점,
4511,그냥작고소박한,
4512,예술회관,
4513,본도시락 인천논현점,
4514,굿샵 간석점,
4515,진경이네,
4516,명륜진사갈비(서창점),
4517,집으로가기전,
4518,대박샤브손칼국수,
4519,8퍼센트(8 percent),
4520,배떡인천점,
4521,불맛스토리,
4522,문학골찹쌀순대,
4523,해담아구찜,
4524,무지락설렁탕,
4525,차담정2,
4526,플레이스1104(place 1104),
4527,술주접,
4528,까치포차,
4529,수산시대,
4530,만수통닭,
4531,에이스,
4532,신포주막,
4533,인생건어물 인천논현점,
4534,와이낫(why not),
4535,오가네소머리국밥,
4536,고피자인천구월NC,
4537,통영뱃머리충무김밥(선수촌점),
4538,집밥,
4539,난바우동 구월점,
4540,멕시카나한화에코소래점,
4541,피자파는집 인천만수서창점,
4542,화담,
4543,카페만부413,
4544,사또식당,
4545,연안포차,
4546,신토불이 삼계탕,
4547,레시피박스,
4548,써니싸롱,
4549,메밀향기,
4550,신가네생고기집,
4551,돈기부여구월점,
4552,공룡김밥떡볶이,
4553,바다양푼이동태탕 고잔점,
4554,은하궁,
4555,명륜진사갈비 만수점,
4556,로윅(LOWIC),
4557,손군부대찌개 향촌점,
4558,전설통닭,
4559,박지혜순대국&소머리국밥,
4560,감동먹태,
4561,명륜진사갈비 간석오거리점,
4562,주막더프레젠트,
4563,소바애구월점,
4564,108장마라탕,
4565,불고기랑콩나물이랑,
4566,신참떡볶이,
4567,지코바 만수1호점,
4568,사이간,
4569,북앤카페브,
4570,휘식당,
4571,제주은희네해장국 인천구월점,
4572,파스토보이 인천구월점,
4573,대성마라탕,
4574,한솥도시락만수점,
4575,고소미갈비찜,
4576,신포우리만두 인천모래내지점,
4577,미항게장전문점,
4578,우기네,
4579,펍큐당구클럽 인천서창점,
4580,요리하는집,
4581,엄마손식당,
4582,국민파스타,
4583,대박김밥,
4584,셉템버(September),
4585,한남동그집,
4586,경성한우불고기 구월점,
4587,교촌치킨 소래포구점,
4588,달콤한오후,
4589,미남양념조개구이,
4590,빈잔(Vinjan),
4591,야무진감자탕남동점,
4592,시원(C.one),
4593,동남집,
4594,쁘띠몽드 키즈카페,
4595,아구199(구월점),
4596,족보잇는국밥&정맘찬,
4597,쏠로푸드,
4598,인생건어물,
4599,남촌카페,
4600,두번째목요일(Second Thursday),
4601,최고당돈가스간석점,
4602,두찜인천만수점,
4603,야옹셰프,
4604,난다곱창남동점,
4605,마린보이(코다리1번가),
4606,명인만두(구월점),
4607,2피자1치킨상회,
4608,장어이야기,
4609,연두,
4610,양천골용대리황태세상,
4611,자니비어,
4612,이앤이푸드,
4613,촌밥물,
4614,포메인레드(Red)인천구월점,
4615,공가네닭갈비,
4616,리어카포차 인천만수점,
4617,영화네,
4618,신토불이,
4619,송도갈매기서창점,
4620,통불인천논현점,
4621,구월다방,
4622,백사(Bexa),
4623,동근이숯불두마리치킨,
4624,한신우동인천구월점,
4625,"(구)왕돈,동해",
4626,노반타(Novanta),
4627,스페셜티카페(Special Tea Cafe),
4628,한창희천하일면,
4629,카페(CAFE)365,
4630,한끼덮밥,
4631,광장포차,
4632,배떡인천논현점,
4633,밀회관,
4634,한상가득,
4635,곱단이네,
4636,카페디톡스쿨(cafe Detoxschool),
4637,소울푸드(Soul Food),
4638,아이벤코리아,
4639,선수촌사우나중앙스넥,
4640,쇼7080라이브,
4641,춘식이네옛날통닭,
4642,도화지,
4643,화랑각,
4644,남촌국시,
4645,해늘찹쌀순대남촌점,
4646,타워한식뷔페,
4647,베트남쌀국수,
4648,60계인천향촌만수점,
4649,네스푼,
4650,닭이봉닭갈비,
4651,응급실국물떡볶이인천논현점,
4652,청년다방모래내시장점,
4653,푸라닭 인천서창점,
4654,송도갈매기서창점,
4655,한끼든든,
4656,을찌로국물떡볶이(구월점),
4657,월드푸드,
4658,봉수아피자인천논현점,
4659,해월까르페,
4660,은호식당,
4661,냠냠족발&보쌈구월점,
4662,광명대창집(만수점),
4663,클래식&락볼링센타2호점,
4664,카페바움아시아드점,
4665,곱사마,
4666,반했닭,
4667,꼬치의품격 간석오거리점,
4668,치킨생각,
4669,인쌩본점,
4670,김주부네두루치기,
4671,동궁찜닭 남동점,
4672,마녀의식탁,
4673,다모여밥/포차,
4674,크리스탈라운지 구월동점(CRYSTAL LOUNGE),
4675,비스트로 비행,
4676,장수손만두,
4677,육회존인천논현점,
4678,추억닭발구월점,
4679,명동해물짬뽕칼국수,
4680,솥뚜껑생삼겹살,
4681,청년순대국,
4682,엠엔케이(MNK)푸드파트너스,
4683,한별,
4684,사나운치킨,
4685,비비닭강정,
4686,영계소문,
4687,지드(zeed)99레스토랑,
4688,카페엠엔에이치,
4689,해늘찹쌀순대&양평해장국 고잔점,
4690,왕커피숍,
4691,몽땅푸드코리아,
4692,하니,
4693,만수동맛집강릉장칼국수&만두,
4694,주식회사하와이,
4695,미담상회,
4696,엠지에이치푸드인천논현점,
4697,칠칠팔커피호프,
4698,호식이두마리치킨인천서창점,
4699,피아노식당,
4700,우리집치킨,
4701,치킨플러스만수3지구점,
4702,명인만두인천만수점,
4703,야식공장인천점,
4704,소담촌,
4705,몬스터떡볶이,
4706,24시한방전주콩나물국밥,
4707,피자플래넷,
4708,동경규동 구월동로데오점,
4709,비비큐인천시청점,
4710,밥사랑도시락,
4711,복덩이포차,
4712,노베루나,
4713,훈덕이네고기구워먹는집,
4714,파파스토리(PAPA STORY),
4715,명인콩국수,
4716,모미락인천논현점,
4717,곱분이곱창,
4718,인아온달(해물갈비찜전문점),
4719,전라도이야기,
4720,경아두마리치킨,
4721,버터투버터,
4722,모심갈비(구월점),
4723,싸움의고수간석오거리역점,
4724,쩡아네전집,
4725,공릉동멸치국수,
4726,89담온누림닭강정,
4727,장수마루,
4728,푸라닭 인천논현2호점,
4729,한솥도시락구월로데오점,
4730,912,
4731,장호덕손만두,
4732,빠스타(BBASTA),
4733,불닭발땡초동대문엽기떡볶이만수점,
4734,닭부자,
4735,혼삼논현점,
4736,두리감자탕,
4737,양반칼국수,
4738,초심고고,
4739,대박포차,
4740,병천순대국,
4741,경수네피자&닭강정,
4742,대통령,
4743,국수집,
4744,오징어어때,
4745,1945짬뽕,
4746,육반면가간석점,
4747,4막5장,
4748,마이도,
4749,큐스포츠센터,
4750,한잔해,
4751,고기극찬 논현점,
4752,피자헛 인천서창점,
4753,청춘포차,
4754,쮸즈딤섬익스프레스,
4755,명품임실치즈피자,
4756,호식이두마리치킨 만수2호점,
4757,주니어카페텐텐,
4758,아지트(AZIT),
4759,사랑방,
4760,부산밀면&바른대게,
4761,삼시세끼,
4762,바베큐족통령,
4763,하늘푸드,
4764,나인문,
4765,Sia's house,
4766,BHC(구월중앙점),
4767,소림마라 인천남동점,
4768,밥이마싯는집,
4769,봉수아피자남동점,
4770,금화왕돈까스만수점,
4771,찐포차,
4772,장미,
4773,삼막골,
4774,곱창스토리,
4775,순수치킨인천구월점,
4776,일공사(104)호 세입자,
4777,쉐프맘식탁,
4778,일마레소래점,
4779,이상수불뼈찜,
4780,너나들이,
4781,피자컴퍼니 논현점,
4782,저온숙성카츠구름카츠구월직영점,
4783,혼밥대왕,
4784,삼거리 양.대창,
4785,처갓집양념치킨 구월아시아드점,
4786,옥이네춘천닭갈비,
4787,보드타운,
4788,보보,
4789,쓰리푸드,
4790,브이아이피바(VIP bar),
4791,바른초밥,
4792,야참치,
4793,삼삼1994막창,
4794,밥도둑한끼뚝딱,
4795,호구포차,
4796,김군더덕삼겹살,
4797,공룡카페,
4798,왕체리,
4799,또봉이통닭서창1지구점,
4800,비비큐서창2지구점,
4801,동일푸드,
4802,장터삼겹살,
4803,돈카츠마켙인천논현점,
4804,봉자떡볶이인천구월점,
4805,더(THE)와호프,
4806,아침산저녁바다구월점,
4807,도가네누룽지통닭,
4808,모바면가,
4809,청춘닭꼬치구월딜리버리점,
4810,우리집팔당닭발,
4811,정푸드,
4812,주리네순대국,
4813,군자대한곱창 간석오거리점,
4814,처갓집양념치킨 서창2점,
4815,어나더디저트(another dessert),
4816,대공원돈까스,
4817,비스트로피자 남동구점,
4818,펀비어킹 인천구월CGV점,
4819,선진정밀,
4820,새마을식당육 인천구월점,
4821,교촌치킨구월아시아드점,
4822,아그란스,
4823,푸라닭 인천구월1동점,
4824,더마시까,
4825,온가솥밥,
4826,커피엔젤,
4827,피자서비스,
4828,달인왕돈까스,
4829,초록쌈밥,
4830,한결남원추어탕,
4831,겪이식당,
4832,부귀삼겹살양념목살배달업,
4833,오봉산칼국수,
4834,해미나푸드,
4835,자담치킨인천논현역점,
4836,스카이바,
4837,돈까스짱,
4838,해늘찹쌀순대유천냉면 고잔점,
4839,카페그리너리,
4840,황금푸드,
4841,(주)아셀테크 에바돈가츠 서창점,
4842,모나코(MONACO),
4843,카페리븐,
4844,황장군오창포차,
4845,옳다닭발(서창점),
4846,통큰생고기,
4847,돼지촌,
4848,미카도스시,
4849,아미,
4850,자돈심,
4851,박선생딜리버리,
4852,공자푸드,
4853,심플레시피,
4854,유채,
4855,"해장국,설렁탕",
4856,에이치푸드,
4857,구구포차,
4858,데카당,
4859,루프나인,
4860,황제양꼬치,
4861,흑산도횟집,
4862,태리로제떡볶이(구월점),
4863,홍마떡,
4864,미남식당24시,
4865,일마레카페앤파스타,
4866,한양옥 얼큰순대국,
4867,통큰부리 역전통닭,
4868,꽃보드레,
4869,소래클라쓰,
4870,밥있어요술도있어요,
4871,우아한혼술&혼밥그린푸드,
4872,추닭집만수점,
4873,파스타입니다구월점,
4874,회뜨는수산마켓,
4875,청년닭집간석역점,
4876,올때닭한마리,
4877,오영당구장,
4878,인생건어물(서창점),
4879,배달삼겹돼지되지 구월점,
4880,커피볶는나무,
4881,미인바(BAR),
4882,나겸김밥,
4883,좋은날잔치국수,
4884,생선까시조심,
4885,두마리찜닭두찜인천서창점,
4886,미남조개해물칼국수,
4887,마왕족발논현점,
4888,쪽찌서창점,
4889,명품순대,
4890,한결통아구찜,
4891,오늘도우리,
4892,라면집,
4893,처갓집양념치킨 호구포역점,
4894,블루버드카페,
4895,"비세프(Bee chef)반찬,도시락",
4896,참숯민물장어,
4897,그집푸드,
4898,괜찮은새우 요리하는포차,
4899,1인한식당,
4900,뼈대있는국밥,
4901,냉면덕후,
4902,미슐렝호프,
4903,소소베,
4904,인생포차,
4905,시청집,
4906,밤술,
4907,아지트퓨전호프,
4908,무공돈까스 인천논현점,
4909,호식이두마리치킨 간석역점,
4910,일번가,
4911,커피크리에이션,
4912,호면왕뉴코아아울렛인천점,
4913,소래짱타운,
4914,자담치킨인천구월점,
4915,쉐프의품격,
4916,고운손김밥,
4917,아웃백딜리버리 인천시청점,
4918,100푸드,
4919,화계장터,
4920,태산푸드(마시따쿡),
4921,현대푸드,
4922,싱싱회수산,
4923,오&박,
4924,가락동 리어카포차 인천호구포점,
4925,떡볶이참잘하는집 떡참 인천구월점,
4926,델리지오쿡(deliziocook)논현점,
4927,연이네국수,
4928,대동집인천서창점,
4929,참새방앗간,
4930,호섭이네불닭발,
4931,투다리(구월점),
4932,인생아구찜 남동점,
4933,제이디푸드,
4934,호랑이키친,
4935,디디치킨서창점,
4936,황해도가마솥순대국,
4937,한가네,
4938,최고당돈가스,
4939,더(The)신;세계,
4940,콩커피호프,
4941,강촌닭멱살,
4942,일레븐옹즈(Elevenonze),
4943,케이엠지엠(KMGM)인천논현점,
4944,미스터키친인천논현점,
4945,낭만횟집,
4946,위고푸드,
4947,양푼이우거지동태탕,
4948,심스키친,
4949,단비식도락,
4950,오징어어때2호점,
4951,연탄길,
4952,쉐프의품격 논현점,
4953,역전할머니맥주 인천만수역점,
4954,아메리칸트레이 구월점,
4955,웅이네오돌뼈서창점,
4956,망향비빔국수남동구점,
4957,달리는려석들만수점,
4958,오마이카츠인천1호점,
4959,놀부보쌈족발&놀부부대찌개,
4960,프레실리(Freshly),
4961,이모네생고기,
4962,맛환장인천남동점,
4963,임금님옛날통닭,
4964,모아닭강정,
4965,꼬끼오꼬마김밥인천논현에코점,
4966,반달커피인천구월점,
4967,준,
4968,부엉이,
4969,누들보쌈배달만족인천논현점,
4970,화레무인천논현점,
4971,불스키친,
4972,한입삼겹,
4973,해장쿡 인천남동점,
4974,떡볶이대학교 떡대,
4975,하비파크,
4976,오늘의밥상,
4977,강화밴댕이,
4978,형제들감자탕만수3지구점,
4979,멕시카나(아시아드점),
4980,네모푸드,
4981,더마이치킨 만수점,
4982,커피카프렛(coffee coffret),
4983,디올(DIOR),
4984,바로푸드,
4985,김복남맥주,
4986,꿀꿀이파삼4호점,
4987,족발클라쓰,
4988,한결푸드,
4989,간석장례문화원,
4990,윤이불닭발,
4991,단지김치찜인천시청점,
4992,금복집,
4993,만리향,
4994,장공주,
4995,두촌가마솥밥,
4996,아수라떡볶이,
4997,푸른술집 할라,
4998,시골숯불치킨인천구월점,
4999,루트66카페,
5000,카페꼬마,
5001,베테랑종합어시장,
5002,연안별버거구월,
5003,행복나들이,
5004,산,
5005,호맥호구포역점,
5006,바른푸드,
5007,서울마님죽간석시장점,
5008,카페요다,
5009,바이스벌사(Vice Versa),
5010,브릴란테,
5011,지가원,
5012,청수옥(신월초교점),
5013,오버롤즈,
5014,하와이안바베큐카페,
5015,사랑관인천구월점,
5016,역전할머니 간석오거리점,
5017,무모한초밥,
5018,마라천향,
5019,중식고수김사부,
5020,도미노피자간석점,
5021,권자,
5022,정원왕족발,
5023,맬릭스빈(malique's bean),
5024,착한쭝식짬뽕잘하는집서창점,
5025,일행떡볶이&닭강정,
5026,단비식도락(향촌점),
5027,위너,
5028,지코바치킨구월1호점,
5029,하율푸드,
5030,윤주포차,
5031,홍익스테이크구월점,
5032,오크라(okra),
5033,미카도스시인천논현점,
5034,제이,
5035,낭만장사꾼문학산호랭이,
5036,동강다슬기해신탕,
5037,팔아주게,
5038,싸미랑구월점,
5039,떡군이네떡볶이만수점,
5040,행운커피호프,
5041,행복만두,
5042,저스트쿡소동파,
5043,브라더몬스터,
5044,파운야드79,
5045,작은밥상,
5046,푸드홀릭,
5047,오로롱카페,
5048,루프탑204,
5049,크긴버거,
5050,둥지알까스,
5051,인연커피호프,
5052,핵밥인천논현점,
5053,흥부전,
5054,삼겹과건강쌈,
5055,솔밭바베큐,
5056,서오릉피자 구월점,
5057,청호식품,
5058,육고깃집,
5059,숯불에닭,
5060,제이에이치푸드,
5061,이태리마담,
5062,청년피자 구월점,
5063,보스트치킨 만수북점,
5064,굽찌푸드,
5065,(주)해우리인천,
5066,빠네퐁닭,
5067,네모푸드만수점,
5068,뵈뵈스로스터리,
5069,연화커피호프,
5070,구백치킨 소래시티점,
5071,배달연구소,
5072,풀잎커피호프,
5073,치킨다오,
5074,카페204,
5075,자담치킨 서창2지구점,
5076,올바른개성손만두(인천시청점),
5077,진커피호프,
5078,비에이치씨(BHC)구월점,
5079,모모푸드,
5080,하우마라탕 구월점,
5081,착한쭝식,
5082,하니커피호프,
5083,주커피호프,
5084,540커피호프,
5085,수제집까스,
5086,훙훠마라탕,
5087,오리엔탈,
5088,우리할매떡볶이 구월점,
5089,썸머커피본점,
5090,완왈타이푸드,
5091,진커피호프,
5092,별커피호프,
5093,치즈웨이브,
5094,비비큐(BBQ)만수북점,
5095,교동찜닭,
5096,대창&곱창포차,
5097,엠케이(MK)매점커피(COFFEE)032,
5098,수유리혼밥왕구월점,
5099,카페베네소래포구점,
5100,맘스푸드,
5101,한끼,
5102,분원왕만두,
5103,낭풍,
5104,칠링아웃(Chilling out),
5105,안면도칼국수,
5106,장녹수커피호프,
5107,주리커피호프,
5108,순살만공격남동센터점,
5109,대주식당,
5110,모퉁이김밥,
5111,카페멜로소(cafe MELOSO),
5112,풀잎,
5113,어울림식당,
5114,유부야 구월점,
5115,마피아떡볶이 만수점,
5116,옥사장집밥간석점,
5117,대부도찐칼국수,
5118,북촌이가네 한우소머리곰탕 감자탕,
5119,깻잎두마리치킨구월간석점,
5120,거품없소(간석점),
5121,시골숯불치킨,
5122,나씨네,
5123,에프엔아이푸드,
5124,창영이,
5125,부라더키친 남동구점,
5126,코리엔탈깻잎치킨(구월점),
5127,동궁찜닭논현점,
5128,당신은지금치킨이땡긴다(인천시청점),
5129,브라더한정식도시락 인천구월점,
5130,대박아구찜,
5131,큰맘할매순대국,
5132,쇼부라멘,
5133,돈돌이네밥집,
5134,쿠킹박스 간석점,
5135,숯불에닭,
5136,미커피(ME COFFEE),
5137,마부마라탕 남동구점,
5138,브라더키친,
5139,고기혁명,
5140,유,
5141,춘희네족발,
5142,케이엔시(K&C)푸드,
5143,호치킨소래포구역점,
5144,만원수산,
5145,별난만두,
5146,카페소르베,
5147,곱깨비간석점,
5148,진욱쉐프,
5149,불아더숯불바베큐,
5150,달밤포차,
5151,수유리혼밥왕 인천논현점,
5152,스쿨푸드딜리버리구월점,
5153,부라더키친논현점,
5154,샤넬,
5155,대동집인천구월점,
5156,돈갓,
5157,정아니의불타는여고24시떡볶이,
5158,깨솔솔꼬마김밥,
5159,스시텐고쿠,
5160,송토,
5161,김안에밥있소,
5162,샐러드밥,
5163,마약낙곱새 남동구점,
5164,디케(Dike),
5165,온 초밥,
5166,집으로간참치인천논현점,
5167,커피주얼리,
5168,59피자 구월동점,
5169,스튜디오901(studio901)갤러리카페,
5170,미아리수봉냉면,
5171,구월의 오아시스,
5172,온더테이블,
5173,꼬마김밥,
5174,떡볶이참잘하는집 떡참 인천논현점,
5175,맛있는밥집,
5176,본강남면옥,
5177,골목전,
5178,짐승파스타본점,
5179,조선육회,
5180,훈이네지지미,
5181,고바우통닭만수3동점,
5182,해피키친,
5183,자담치킨구월아시아드점,
5184,대홍한식뷔페,
5185,가시버시,
5186,별난만두간석시장점,
5187,순이네양꼬치와마라탕,
5188,닥치고푸드 남동구점,
5189,닥엔돈스인천구월점,
5190,페리카나서창점,
5191,에이스테이크(A Steak),
5192,영동짜글이구월점,
5193,나주오씨,
5194,모바면가,
5195,푸드박스,
5196,처음예쁨,
5197,박진우의불사뎅이랑뼈다귀해장국전문점,
5198,선영이네국밥,
5199,토담옛날통닭,
5200,리오푸드,
5201,청춘부추,
5202,(주)육회한푸드,
5203,마마온통고기,
5204,역전우동0410 인천서창점,
5205,벨라비타,
5206,핵밥인천구월점,
5207,666버거(BURGER)남동지점,
5208,수미설렁탕,
5209,화자이마라탕,
5210,몬스터바베큐,
5211,달토끼의떡볶이흡입구역,
5212,옥이네막걸리,
5213,떡볶이중독,
5214,전성시대,
5215,화담족발,
5216,아메리칸트레이논현점,
5217,민소네해품밥,
5218,왕갑부옛날통닭,
5219,"언제나,달콤",
5220,맥주아비논현점,
5221,명품달인김밥,
5222,마라연구소,
5223,삼미당,
5224,카페모퉁이,
5225,스시카야,
5226,돗가비불쭈꾸미 인천서창점,
5227,쌀통닭(논현고잔점),
5228,오성주가,
5229,유노미(unome),
5230,뉴욕쟁이디저트구월점,
5231,사하라,
5232,만의골은행나무집,
5233,카페56-1,
5234,인화루,
5235,배떡서창점,
5236,삼첩분식,
5237,미,
5238,동강민물섞어매운탕,
5239,피자이탈리구월점,
5240,마크빈,
5241,백반일번지,
5242,요리야김밥,
5243,착한쭝식만수점,
5244,와와,
5245,까페시모 구월힐캐슬점,
5246,달,
5247,돼지게티인천남동점,
5248,"안녕,반찬(HELLO, BANCHAN)",
5249,인생닭강정논현점,
5250,샐러드밥서창점,
5251,어벤족스,
5252,나그내주막,
5253,러츠,
5254,황금호프,
5255,수원왕갈비통닭,
5256,카페모해,
5257,간석오거리골목집,
5258,짬뽕지존,
5259,수랏간,
5260,명품달인김밥,
5261,닥치고푸드논현점,
5262,비상구,
5263,영푸드,
5264,스뎅식당,
5265,인연호프,
5266,앰비언트,
5267,예슬이집,
5268,궁전,
5269,아리랑,
5270,빅스타피자,
5271,파스토보이 서창점,
5272,피자상회,
5273,카페미스터버거,
5274,태국식당,
5275,명랑부대찌개서창점,
5276,미당(인천시청점),
5277,라와마라탕11호점,
5278,시쿠은제마,
5279,수비닭주안점,
5280,다담면옥,
5281,심원간장게장,
5282,네모푸드,
5283,금강산 라이브,
5284,퐁드포레,
5285,정담은 자연뷔페,
5286,디어마이포레스트(DEAR MY FOREST),
5287,배달의명가구월점,
5288,준,
5289,신아리랑,
5290,카페무진장,
5291,칼국수한마당인천논현점,
5292,통닭카페,
5293,삼거리역,
5294,다우,
5295,소풍날,
5296,도톰카츠구월점,
5297,피자엠소마,
5298,통령이네,
5299,하이롤러 인천간석점,
5300,모꼬지,
5301,좌마우라,
5302,명인만두인천논현점,
5303,디디치킨(논현에코메트로점),
5304,린생사진관논현점,
5305,치킨이야,
5306,엄마큰손백반,
5307,소래강릉짬뽕순두부,
5308,떡순튀,
5309,"여우,도시",
5310,맛나부러(ManNaBro),
5311,피자와치킨의러브레터,
5312,21푸드,
5313,해바라기,
5314,개성만두,
5315,미미(美味)수제돈카츠,
5316,기분좋은,
5317,동대문곱창,
5318,야들리애치킨(만수점),
5319,송가육회구월직영점,
5320,논닭숯불닭갈비,
5321,떡군이네떡볶이인천논현점,
5322,33떡볶이 호구포역점,
5323,돈갓,
5324,썬라이즈카페,
5325,긴자료코인천구월점,
5326,택사스홀덤,
5327,참손만두,
5328,한식사랑채,
5329,베스트생갈비찜&찜닭,
5330,직접구운족발,
5331,사심,
5332,우리할매떡볶이논현점,
5333,백순대본가새맛,
5334,어드레스나인,
5335,마마갈비,
5336,별난초밥,
5337,시정순대,
5338,단이네포차,
5339,석촌마을,
5340,연남디미방,
5341,이층어시장,
5342,더어락정,
5343,취성,
5344,쪼계찜닭,
5345,삼남매김밥,
5346,카페더웨이(Cafe The Way),
5347,늘맹호수제돈까스,
5348,어드레스나인카페(ADDRESS NINE),
5349,꼬치의품격인천서창점,
5350,지호한방삼계탕,
5351,리틀포레스트,
5352,원투식당,
5353,제육대가(소래점),
5354,빵빵,
5355,파스타입니다 논현점,
5356,마누초밥,
5357,고기삼킨냉면만수점,
5358,카페65도씨,
5359,공릉동원조멸치국수,
5360,프러스푸드,
5361,자린고비,
5362,일만족발(인천논현점),
5363,펀비어킹(인천논현점),
5364,장어명가,
5365,쌈빡한포차에,
5366,올쿡간석점,
5367,굽네치킨에코메트로,
5368,미분당인천논현점,
5369,이니푸드,
5370,멕시카나(주안행운점),
5371,인천비비큐호구포역점,
5372,더훼미리푸드,
5373,파도,
5374,마라영웅(만수점),
5375,한끼국밥 구월점,
5376,미스터빠삭만수점,
5377,도시어부횟집,
5378,마신푸드,
5379,최대패,
5380,더푸줏간동필이네,
5381,통큰해물손칼국수,
5382,스테이크하우스,
5383,더나은샐러드,
5384,웅이네식탁,
5385,한상백반,
5386,구야푸드,
5387,씽씽노을호프,
5388,제로(zero),
5389,우리할매떡볶이인천서창점,
5390,문스테이(MOON STAY),
5391,땡그리푸드,
5392,에그셀런트만수점,
5393,킴카츠,
5394,초바다 초밥만바라본다,
5395,지코바간석역점,
5396,소머리국밥,
5397,청년순대국만수점,
5398,에바돈가츠 인천시청점,
5399,명동보리밥,
5400,해운대봉가떡볶이 간석점,
5401,아떼로프,
5402,명,
5403,비비큐(BBQ)인천간석중앙점,
5404,산타모니카 인천논현점,
5405,포웨이쌀국수,
5406,오들리샷구월점,
5407,소마그리고다인,
5408,지코바서창점,
5409,도미노피자인천논현점,
5410,대명식당,
5411,정봉찜닭,
5412,구공족발 간석점,
5413,도미노피자 구월점,
5414,공단메밀만두,
5415,에이치케이푸드,
5416,황금어시장,
5417,우연에서인연까지,
5418,김준호의대단한갈비 서창직영점,
5419,태화카페,
5420,엠씨스토리(M.C story),
5421,만나당,
5422,청년공감,
5423,마싰는끼니만수점,
5424,하루닭,
5425,아이더블유아이(iwi),
5426,전주밥상한식부페,
5427,홍닭발,
5428,샛별,
5429,두끼떡볶이만수점,
5430,쫄면주삼,
5431,김호권의청년어부서창점,
5432,최고당돈가스 만수점,
5433,파스타입니다,
5434,참다랑어막주는집참치정육점인천논현점,
5435,용감한탕수육 서창점,
5436,요거블리,
5437,셀렘,
5438,프라이빗 인천구월점,
5439,(주)일야꽃마름뉴코아아울렛인천점,
5440,대용이네숯불닭갈비,
5441,최가네꼬마김밥,
5442,픽자(PICKZZA),
5443,소운,
5444,윤초밥(인천서창점),
5445,언니야닭,
5446,부추삼겹살구월점,
5447,팥이랑녹두랑,
5448,읍천리382 인천구월점,
5449,별이떡볶이,
5450,5층카페,
5451,도르리식당,
5452,주화원,
5453,정온코리아,
5454,솔,
5455,어서초밥,
5456,부산에서상경한찐어묵&떡볶이,
5457,한끼든든,
5458,크로앙쥬,
5459,에프엠쿡(FMCOOK),
5460,유케야,
5461,에이치비흥업주식회사 구월점,
5462,피치랑인천간석점,
5463,김밥성,
5464,한짬뽕,
5465,채선당샐러드&밀키트24 인천논현점,
5466,성윤국가대표아구찜알곤이찜,
5467,푸라닭인천남동구청점,
5468,에이7엑스(A7X),
5469,신성양꼬치마라탕,
5470,족발야시장간석오거리점,
5471,하짱,
5472,마이페어보릿띵스(my favorite things),
5473,국수나무서창점,
5474,믿음소망사랑(FHL),
5475,무쇠가마솥치킨,
5476,다담김밥,
5477,부대찌개잘하는남자 논현점,
5478,미분당구월점,
5479,임박식당,
5480,스파게티스토리,
5481,플로우,
5482,플러그인(Plug In),
5483,백암진찹쌀순대,
5484,장호덕손만두인천논현점,
5485,빵빵호프,
5486,돈다미로,
5487,마미묵은지김치찜,
5488,테그42인천논현점,
5489,손가돌솥밥,
5490,747-1,
5491,울엄니국수,
5492,프레쉬톡톡,
5493,플로우푸드,
5494,더노벰버라운지구월점,
5495,자연별곡뉴코아인천논현점,
5496,시장을 여는 사람들 구월점,
5497,라온푸드,
5498,베트남 노상식당 간석오거리점,
5499,가마치통닭(만수점),
5500,슈브,
5501,강식당,
5502,비비큐(BBQ)인천남동구청점,
5503,허브치킨&호프,
